id_str,coor_lat,coor_long,coorpt,created,created_secs,geo_lat,geo_long,geo_type,bbox,bbox_type,bbox_lat1,bbox_long1,bbox_lat2,bbox_long2,bbox_full_name,bbox_city,bbox_state,bbox_name,bbox_place_type,timestamp_ms,user_geo_able,user_id,user_location
593888478057734144,None,None,None,Thu Apr 30 21:23:41 +0000 2015,1430447021.0,None,None,Point,"[[[-76.794408, 39.22709], [-76.794408, 39.294914], [-76.688592, 39.294914], [-76.688592, 39.22709]]]",Polygon,39.22709,-76.794408,39.294914,-76.688592,"Catonsville, MD",Catonsville,MD,Catonsville,city,1430429021740,True,788065280,
593888478603190272,None,None,None,Thu Apr 30 21:23:41 +0000 2015,1430447021.0,None,None,Point,"[[[-83.67529, 36.540739], [-83.67529, 39.466012], [-75.16644, 39.466012], [-75.16644, 36.540739]]]",Polygon,36.540739,-83.67529,39.466012,-75.16644,"Virginia, USA",None,Virginia,Virginia,admin,1430429021870,True,2555090293,skype (burakser06)
593888479597199361,None,None,None,Thu Apr 30 21:23:42 +0000 2015,1430447022.0,None,None,Point,"[[[-76.644717, 39.131259], [-76.644717, 39.207912], [-76.563196, 39.207912], [-76.563196, 39.131259]]]",Polygon,39.131259,-76.644717,39.207912,-76.563196,"Glen Burnie, MD",Glen Burnie,MD,Glen Burnie,city,1430429022107,True,969874706,
593888486274551810,None,None,None,Thu Apr 30 21:23:43 +0000 2015,1430447023.0,None,None,Point,"[[[-82.644739, 37.201483], [-82.644739, 40.638802], [-77.718935, 40.638802], [-77.718935, 37.201483]]]",Polygon,37.201483,-82.644739,40.638802,-77.718935,"West Virginia, USA",None,West Virginia,West Virginia,admin,1430429023699,True,14398452,Guatemala
593888486983360513,None,None,None,Thu Apr 30 21:23:43 +0000 2015,1430447023.0,None,None,Point,"[[[-76.748415, 39.319362], [-76.748415, 39.3770809], [-76.711027, 39.3770809], [-76.711027, 39.319362]]]",Polygon,39.319362,-76.748415,39.3770809,-76.711027,"Lochearn, MD",Lochearn,MD,Lochearn,city,1430429023868,True,1852424552,
593888487192989696,None,None,None,Thu Apr 30 21:23:43 +0000 2015,1430447023.0,None,None,Point,"[[[-83.67529, 36.540739], [-83.67529, 39.466012], [-75.16644, 39.466012], [-75.16644, 36.540739]]]",Polygon,36.540739,-83.67529,39.466012,-75.16644,"Virginia, USA",None,Virginia,Virginia,admin,1430429023918,True,801186919,
593888487729995776,38.897679,-77.036524,Point,Thu Apr 30 21:23:44 +0000 2015,1430447024.0,38.897679,-77.036524,Point,"[[[-77.0366907119751, 38.897713070311845], [-77.0366907119751, 38.897713070311845], [-77.0366907119751, 38.897713070311845], [-77.0366907119751, 38.897713070311845]]]",Polygon,38.897713070311845,-77.0366907119751,38.897713070311845,-77.0366907119751,The Oval Office,None,None,The Oval Office,poi,1430429024046,True,375407447,onionland
593888490825351168,None,None,None,Thu Apr 30 21:23:44 +0000 2015,1430447024.0,None,None,Point,"[[[-77.297737, 39.025618], [-77.297737, 39.086459], [-77.184679, 39.086459], [-77.184679, 39.025618]]]",Polygon,39.025618,-77.297737,39.086459,-77.184679,"Travilah, MD",Travilah,MD,Travilah,city,1430429024784,True,891802531,
593888491186053121,None,None,None,Thu Apr 30 21:23:44 +0000 2015,1430447024.0,None,None,Point,"[[[-77.861724, 36.750437], [-77.861724, 36.764266], [-77.842238, 36.764266], [-77.842238, 36.750437]]]",Polygon,36.750437,-77.861724,36.764266,-77.842238,"Lawrenceville, VA",Lawrenceville,VA,Lawrenceville,city,1430429024870,True,278591605,
593888492016513024,None,None,None,Thu Apr 30 21:23:45 +0000 2015,1430447025.0,None,None,Point,"[[[-75.6311774, 39.255897], [-75.6311774, 39.311468], [-75.5874606, 39.311468], [-75.5874606, 39.255897]]]",Polygon,39.255897,-75.6311774,39.311468,-75.5874606,"Smyrna, DE",Smyrna,DE,Smyrna,city,1430429025068,True,351938179,Delaware
593888494654730242,None,None,None,Thu Apr 30 21:23:45 +0000 2015,1430447025.0,None,None,Point,"[[[-76.22808, 36.672684], [-76.22808, 36.932399], [-75.9118121, 36.932399], [-75.9118121, 36.672684]]]",Polygon,36.672684,-76.22808,36.932399,-75.9118121,"Virginia Beach, VA",Virginia Beach,VA,Virginia Beach,city,1430429025697,True,1098853009,Virginia Beach
593888494654750720,None,None,None,Thu Apr 30 21:23:45 +0000 2015,1430447025.0,None,None,Point,"[[[-77.096062, 38.730221], [-77.096062, 38.765894], [-77.057234, 38.765894], [-77.057234, 38.730221]]]",Polygon,38.730221,-77.096062,38.765894,-77.057234,"Hybla Valley, VA",Hybla Valley,VA,Hybla Valley,city,1430429025697,True,378289858,DM(V)
593888494768037888,None,None,None,Thu Apr 30 21:23:45 +0000 2015,1430447025.0,None,None,Point,"[[[-80.519851, 39.719801], [-80.519851, 42.516072], [-74.689517, 42.516072], [-74.689517, 39.719801]]]",Polygon,39.719801,-80.519851,42.516072,-74.689517,"Pennsylvania, USA",None,Pennsylvania,Pennsylvania,admin,1430429025724,True,615453010,
593888495212560384,None,None,None,Thu Apr 30 21:23:45 +0000 2015,1430447025.0,None,None,Point,"[[[-79.257789, 37.332496], [-79.257789, 37.469415], [-79.100237, 37.469415], [-79.100237, 37.332496]]]",Polygon,37.332496,-79.257789,37.469415,-79.100237,"Lynchburg, VA",Lynchburg,VA,Lynchburg,city,1430429025830,True,66552180,
593888496110194688,None,None,None,Thu Apr 30 21:23:46 +0000 2015,1430447026.0,None,None,Point,"[[[-80.519851, 39.719801], [-80.519851, 42.516072], [-74.689517, 42.516072], [-74.689517, 39.719801]]]",Polygon,39.719801,-80.519851,42.516072,-74.689517,"Pennsylvania, USA",None,Pennsylvania,Pennsylvania,admin,1430429026044,True,878079164,
593888497322348544,None,None,None,Thu Apr 30 21:23:46 +0000 2015,1430447026.0,None,None,Point,"[[[-80.519851, 39.719801], [-80.519851, 42.516072], [-74.689517, 42.516072], [-74.689517, 39.719801]]]",Polygon,39.719801,-80.519851,42.516072,-74.689517,"Pennsylvania, USA",None,Pennsylvania,Pennsylvania,admin,1430429026333,True,197128108,
593888497087291392,None,None,None,Thu Apr 30 21:23:46 +0000 2015,1430447026.0,None,None,Point,"[[[-76.678827, 38.257998], [-76.678827, 38.3222966], [-76.6217408, 38.3222966], [-76.6217408, 38.257998]]]",Polygon,38.257998,-76.678827,38.3222966,-76.6217408,"Leonardtown, MD",Leonardtown,MD,Leonardtown,city,1430429026277,True,2334540670,
593888498798694400,None,None,None,Thu Apr 30 21:23:46 +0000 2015,1430447026.0,None,None,Point,"[[[-79.257789, 37.332496], [-79.257789, 37.469415], [-79.100237, 37.469415], [-79.100237, 37.332496]]]",Polygon,37.332496,-79.257789,37.469415,-79.100237,"Lynchburg, VA",Lynchburg,VA,Lynchburg,city,1430429026685,True,279937713,#teamsuede
593888502439419906,None,None,None,Thu Apr 30 21:23:47 +0000 2015,1430447027.0,None,None,Point,"[[[-80.519851, 39.719801], [-80.519851, 42.516072], [-74.689517, 42.516072], [-74.689517, 39.719801]]]",Polygon,39.719801,-80.519851,42.516072,-74.689517,"Pennsylvania, USA",None,Pennsylvania,Pennsylvania,admin,1430429027553,True,743099438,From the 215✈️ To the 814✈️
593888506100862976,39.301212,-76.619973,Point,Thu Apr 30 21:23:48 +0000 2015,1430447028.0,39.301212,-76.619973,Point,"[[[-76.711517, 39.197211], [-76.711517, 39.372215], [-76.529388, 39.372215], [-76.529388, 39.197211]]]",Polygon,39.197211,-76.711517,39.372215,-76.529388,"Baltimore, MD",Baltimore,MD,Baltimore,city,1430429028426,True,199324673,"Baltimore, Maryland USA"
593888513994665984,None,None,None,Thu Apr 30 21:23:50 +0000 2015,1430447030.0,None,None,Point,"[[[-80.519851, 39.719801], [-80.519851, 42.516072], [-74.689517, 42.516072], [-74.689517, 39.719801]]]",Polygon,39.719801,-80.519851,42.516072,-74.689517,"Pennsylvania, USA",None,Pennsylvania,Pennsylvania,admin,1430429030308,True,582140844,USA
593888516964122624,None,None,None,Thu Apr 30 21:23:51 +0000 2015,1430447031.0,None,None,Point,"[[[-78.360131, 37.896724], [-78.360131, 37.942328], [-78.288036, 37.942328], [-78.288036, 37.896724]]]",Polygon,37.896724,-78.360131,37.942328,-78.288036,"Lake Monticello, VA",Lake Monticello,VA,Lake Monticello,city,1430429031016,True,1727325560,Fuck the fake texters
593888519883489280,None,None,None,Thu Apr 30 21:23:51 +0000 2015,1430447031.0,None,None,Point,"[[[-79.113516, 38.121322], [-79.113516, 38.190201], [-79.012337, 38.190201], [-79.012337, 38.121322]]]",Polygon,38.121322,-79.113516,38.190201,-79.012337,"Staunton, VA",Staunton,VA,Staunton,city,1430429031712,True,2612502825,"Staunton, VA"
593888520466464768,None,None,None,Thu Apr 30 21:23:51 +0000 2015,1430447031.0,None,None,Point,"[[[-79.487651, 37.886607], [-79.487651, 39.723622], [-74.986286, 39.723622], [-74.986286, 37.886607]]]",Polygon,37.886607,-79.487651,39.723622,-74.986286,"Maryland, USA",None,Maryland,Maryland,admin,1430429031851,True,2608744289,
593888522341371905,None,None,None,Thu Apr 30 21:23:52 +0000 2015,1430447032.0,None,None,Point,"[[[-79.487651, 37.886607], [-79.487651, 39.723622], [-74.986286, 39.723622], [-74.986286, 37.886607]]]",Polygon,37.886607,-79.487651,39.723622,-74.986286,"Maryland, USA",None,Maryland,Maryland,admin,1430429032298,True,535054004,
593888526585987075,36.779659,-76.229254,Point,Thu Apr 30 21:23:53 +0000 2015,1430447033.0,36.779659,-76.229254,Point,"[[[-76.448383, 36.66], [-76.448383, 36.866431], [-76.143408, 36.866431], [-76.143408, 36.66]]]",Polygon,36.66,-76.448383,36.866431,-76.143408,"Chesapeake, VA",Chesapeake,VA,Chesapeake,city,1430429033310,True,275069808,
593888527831674880,None,None,None,Thu Apr 30 21:23:53 +0000 2015,1430447033.0,None,None,Point,"[[[-77.048877, 38.905257], [-77.048877, 38.916777], [-77.036118, 38.916777], [-77.036118, 38.905257]]]",Polygon,38.905257,-77.048877,38.916777,-77.036118,"Dupont Circle, Washington",Dupont Circle,Washington,Dupont Circle,neighborhood,1430429033607,True,276149538,"Washington, DC"
593888528863494144,None,None,None,Thu Apr 30 21:23:53 +0000 2015,1430447033.0,None,None,Point,"[[[-79.487651, 37.886607], [-79.487651, 39.723622], [-74.986286, 39.723622], [-74.986286, 37.886607]]]",Polygon,37.886607,-79.487651,39.723622,-74.986286,"Maryland, USA",None,Maryland,Maryland,admin,1430429033853,True,818772109,
593888530331480064,None,None,None,Thu Apr 30 21:23:54 +0000 2015,1430447034.0,None,None,Point,"[[[-77.119401, 38.801826], [-77.119401, 38.9953797], [-76.909396, 38.9953797], [-76.909396, 38.801826]]]",Polygon,38.801826,-77.119401,38.9953797,-76.909396,"Washington, DC",Washington,DC,Washington,city,1430429034203,True,2915017109,"District of Columbia, USA"
593888531166158848,None,None,None,Thu Apr 30 21:23:54 +0000 2015,1430447034.0,None,None,Point,"[[[-77.172219, 38.827378], [-77.172219, 38.934311], [-77.031779, 38.934311], [-77.031779, 38.827378]]]",Polygon,38.827378,-77.172219,38.934311,-77.031779,"Arlington, VA",Arlington,VA,Arlington,city,1430429034402,True,605571192,Kuwait/ Arlington VA.
593888530201452545,40.639652,-75.436447,Point,Thu Apr 30 21:23:54 +0000 2015,1430447034.0,40.639652,-75.436447,Point,"[[[-80.519851, 39.719801], [-80.519851, 42.516072], [-74.689517, 42.516072], [-74.689517, 39.719801]]]",Polygon,39.719801,-80.519851,42.516072,-74.689517,"Pennsylvania, USA",None,Pennsylvania,Pennsylvania,admin,1430429034172,True,29335797,"Lehigh Valley, PA"
593888535280807938,None,None,None,Thu Apr 30 21:23:55 +0000 2015,1430447035.0,None,None,Point,"[[[-79.487651, 37.886607], [-79.487651, 39.723622], [-74.986286, 39.723622], [-74.986286, 37.886607]]]",Polygon,37.886607,-79.487651,39.723622,-74.986286,"Maryland, USA",None,Maryland,Maryland,admin,1430429035383,True,180408287,
593888537520529408,None,None,None,Thu Apr 30 21:23:55 +0000 2015,1430447035.0,None,None,Point,"[[[-77.8716381, 39.28927], [-77.8716381, 39.332843], [-77.820388, 39.332843], [-77.820388, 39.28927]]]",Polygon,39.28927,-77.8716381,39.332843,-77.820388,"Ranson, WV",Ranson,WV,Ranson,city,1430429035917,True,238431097,West V
593888539676278784,None,None,None,Thu Apr 30 21:23:56 +0000 2015,1430447036.0,None,None,Point,"[[[-77.5641591, 39.353155], [-77.5641591, 39.382001], [-77.509429, 39.382001], [-77.509429, 39.353155]]]",Polygon,39.353155,-77.5641591,39.382001,-77.509429,"Jefferson, MD",Jefferson,MD,Jefferson,city,1430429036431,True,2240812245,
593888541081481216,None,None,None,Thu Apr 30 21:23:56 +0000 2015,1430447036.0,None,None,Point,"[[[-77.119401, 38.801826], [-77.119401, 38.9953797], [-76.909396, 38.9953797], [-76.909396, 38.801826]]]",Polygon,38.801826,-77.119401,38.9953797,-76.909396,"Washington, DC",Washington,DC,Washington,city,1430429036766,True,86590262, Bermuda ✈D[M]V 
593888542419513344,None,None,None,Thu Apr 30 21:23:57 +0000 2015,1430447037.0,None,None,Point,"[[[-76.9873, 38.822422], [-76.9873, 38.854875], [-76.94524, 38.854875], [-76.94524, 38.822422]]]",Polygon,38.822422,-76.9873,38.854875,-76.94524,"Hillcrest Heights, MD",Hillcrest Heights,MD,Hillcrest Heights,city,1430429037085,True,2247297880,
593888542364803072,None,None,None,Thu Apr 30 21:23:57 +0000 2015,1430447037.0,None,None,Point,"[[[-84.32187, 33.752879], [-84.32187, 36.588118], [-75.40012, 36.588118], [-75.40012, 33.752879]]]",Polygon,33.752879,-84.32187,36.588118,-75.40012,"North Carolina, USA",None,North Carolina,North Carolina,admin,1430429037072,True,29718716,"Rose Hill, NC "
593888542838886400,None,None,None,Thu Apr 30 21:23:57 +0000 2015,1430447037.0,None,None,Point,"[[[-80.519851, 39.719801], [-80.519851, 42.516072], [-74.689517, 42.516072], [-74.689517, 39.719801]]]",Polygon,39.719801,-80.519851,42.516072,-74.689517,"Pennsylvania, USA",None,Pennsylvania,Pennsylvania,admin,1430429037185,True,163721601,SOFLO
593888545011605504,None,None,None,Thu Apr 30 21:23:57 +0000 2015,1430447037.0,None,None,Point,"[[[-77.801973, 38.562521], [-77.801973, 38.595231], [-77.754043, 38.595231], [-77.754043, 38.562521]]]",Polygon,38.562521,-77.801973,38.595231,-77.754043,"Bealeton, VA",Bealeton,VA,Bealeton,city,1430429037703,True,141624304,
593888545279967232,None,None,None,Thu Apr 30 21:23:57 +0000 2015,1430447037.0,None,None,Point,"[[[-76.484284, 38.316434], [-76.484284, 38.354052], [-76.44772, 38.354052], [-76.44772, 38.316434]]]",Polygon,38.316434,-76.484284,38.354052,-76.44772,"Solomons, MD",Solomons,MD,Solomons,city,1430429037767,True,533650546,"Ocean City, Murica"
593888545707819009,38.888127,-77.013056,Point,Thu Apr 30 21:23:57 +0000 2015,1430447037.0,38.888127,-77.013056,Point,"[[[-77.119401, 38.801826], [-77.119401, 38.9953797], [-76.909396, 38.9953797], [-76.909396, 38.801826]]]",Polygon,38.801826,-77.119401,38.9953797,-76.909396,"Washington, DC",Washington,DC,Washington,city,1430429037869,True,1277661362,"Washington, DC"
593888547091906563,None,None,None,Thu Apr 30 21:23:58 +0000 2015,1430447038.0,None,None,Point,"[[[-76.711517, 39.197211], [-76.711517, 39.372215], [-76.529388, 39.372215], [-76.529388, 39.197211]]]",Polygon,39.197211,-76.711517,39.372215,-76.529388,"Baltimore, MD",Baltimore,MD,Baltimore,city,1430429038199,True,1600122961,"Baltimore, MD"
593888548060823552,None,None,None,Thu Apr 30 21:23:58 +0000 2015,1430447038.0,None,None,Point,"[[[-77.248713, 38.707371], [-77.248713, 38.75928], [-77.161399, 38.75928], [-77.161399, 38.707371]]]",Polygon,38.707371,-77.248713,38.75928,-77.161399,"Newington, VA",Newington,VA,Newington,city,1430429038430,True,1056357062,
593888555635707905,39.847102,-75.182519,Point,Thu Apr 30 21:24:00 +0000 2015,1430447040.0,39.847102,-75.182519,Point,"[[[-75.227482, 39.7949986], [-75.227482, 39.8647546], [-75.135473, 39.8647546], [-75.135473, 39.7949986]]]",Polygon,39.7949986,-75.227482,39.8647546,-75.135473,"Thorofare, NJ",Thorofare,NJ,Thorofare,city,1430429040236,True,550323474,
593888555950301185,None,None,None,Thu Apr 30 21:24:00 +0000 2015,1430447040.0,None,None,Point,"[[[-76.711517, 39.197211], [-76.711517, 39.372215], [-76.529388, 39.372215], [-76.529388, 39.197211]]]",Polygon,39.197211,-76.711517,39.372215,-76.529388,"Baltimore, MD",Baltimore,MD,Baltimore,city,1430429040311,True,2461277866,
593888557766434816,None,None,None,Thu Apr 30 21:24:00 +0000 2015,1430447040.0,None,None,Point,"[[[-80.519851, 39.719801], [-80.519851, 42.516072], [-74.689517, 42.516072], [-74.689517, 39.719801]]]",Polygon,39.719801,-80.519851,42.516072,-74.689517,"Pennsylvania, USA",None,Pennsylvania,Pennsylvania,admin,1430429040744,True,449567488,
593888556558512129,None,None,None,Thu Apr 30 21:24:00 +0000 2015,1430447040.0,None,None,Point,"[[[-76.866905, 38.9777739], [-76.866905, 39.019795], [-76.833858, 39.019795], [-76.833858, 38.9777739]]]",Polygon,38.9777739,-76.866905,39.019795,-76.833858,"Goddard, MD",Goddard,MD,Goddard,city,1430429040456,True,30668975,D(M)V
593888560761196544,None,None,None,Thu Apr 30 21:24:01 +0000 2015,1430447041.0,None,None,Point,"[[[-75.563587, 38.788657], [-75.563587, 41.357424], [-73.88506, 41.357424], [-73.88506, 38.788657]]]",Polygon,38.788657,-75.563587,41.357424,-73.88506,"New Jersey, USA",None,New Jersey,New Jersey,admin,1430429041458,True,28849729,New Jersey
593888563441377281,None,None,None,Thu Apr 30 21:24:02 +0000 2015,1430447042.0,None,None,Point,"[[[-76.22808, 36.672684], [-76.22808, 36.932399], [-75.9118121, 36.932399], [-75.9118121, 36.672684]]]",Polygon,36.672684,-76.22808,36.932399,-75.9118121,"Virginia Beach, VA",Virginia Beach,VA,Virginia Beach,city,1430429042097,True,2305140048,Virginia Beach VA
593888566964572160,None,None,None,Thu Apr 30 21:24:02 +0000 2015,1430447042.0,None,None,Point,"[[[-77.395515, 38.863569], [-77.395515, 38.930322], [-77.253414, 38.930322], [-77.253414, 38.863569]]]",Polygon,38.863569,-77.395515,38.930322,-77.253414,"Oakton, VA",Oakton,VA,Oakton,city,1430429042937,True,50815550,"Washington, D.C. area/NoVA"
593888568340258816,None,None,None,Thu Apr 30 21:24:03 +0000 2015,1430447043.0,None,None,Point,"[[[-80.519851, 39.719801], [-80.519851, 42.516072], [-74.689517, 42.516072], [-74.689517, 39.719801]]]",Polygon,39.719801,-80.519851,42.516072,-74.689517,"Pennsylvania, USA",None,Pennsylvania,Pennsylvania,admin,1430429043265,True,1122692588,
593888571888644097,37.275432,-77.295399,Point,Thu Apr 30 21:24:04 +0000 2015,1430447044.0,37.275432,-77.295399,Point,"[[[-77.337993, 37.257957], [-77.337993, 37.317666], [-77.269756, 37.317666], [-77.269756, 37.257957]]]",Polygon,37.257957,-77.337993,37.317666,-77.269756,"Hopewell, VA",Hopewell,VA,Hopewell,city,1430429044111,True,32901276,"Hopewell, VA 804 #DMV"
593888577416732672,None,None,None,Thu Apr 30 21:24:05 +0000 2015,1430447045.0,None,None,Point,"[[[-80.519851, 39.719801], [-80.519851, 42.516072], [-74.689517, 42.516072], [-74.689517, 39.719801]]]",Polygon,39.719801,-80.519851,42.516072,-74.689517,"Pennsylvania, USA",None,Pennsylvania,Pennsylvania,admin,1430429045429,True,71912694,pennsylvania 
593888577664131072,39.302466,-76.611432,Point,Thu Apr 30 21:24:05 +0000 2015,1430447045.0,39.302466,-76.611432,Point,"[[[-76.711517, 39.197211], [-76.711517, 39.372215], [-76.529388, 39.372215], [-76.529388, 39.197211]]]",Polygon,39.197211,-76.711517,39.372215,-76.529388,"Baltimore, MD",Baltimore,MD,Baltimore,city,1430429045488,True,199324673,"Baltimore, Maryland USA"
593888582038736896,None,None,None,Thu Apr 30 21:24:06 +0000 2015,1430447046.0,None,None,Point,"[[[-77.252801, 39.102707], [-77.252801, 39.169487], [-77.1630643, 39.169487], [-77.1630643, 39.102707]]]",Polygon,39.102707,-77.252801,39.169487,-77.1630643,"Gaithersburg, MD",Gaithersburg,MD,Gaithersburg,city,1430429046531,True,717800583,
593888582978404353,None,None,None,Thu Apr 30 21:24:06 +0000 2015,1430447046.0,None,None,Point,"[[[-83.67529, 36.540739], [-83.67529, 39.466012], [-75.16644, 39.466012], [-75.16644, 36.540739]]]",Polygon,36.540739,-83.67529,39.466012,-75.16644,"Virginia, USA",None,Virginia,Virginia,admin,1430429046755,True,2933635438,
593888583498473472,None,None,None,Thu Apr 30 21:24:06 +0000 2015,1430447046.0,None,None,Point,"[[[-76.334287, 36.820791], [-76.334287, 36.969373], [-76.177085, 36.969373], [-76.177085, 36.820791]]]",Polygon,36.820791,-76.334287,36.969373,-76.177085,"Norfolk, VA",Norfolk,VA,Norfolk,city,1430429046879,True,3021686656,757 ❤️
593888589710254081,38.740753,-75.60081,Point,Thu Apr 30 21:24:08 +0000 2015,1430447048.0,38.740753,-75.60081,Point,"[[[-75.6104074, 38.7112926], [-75.6104074, 38.752153], [-75.589207, 38.752153], [-75.589207, 38.7112926]]]",Polygon,38.7112926,-75.6104074,38.752153,-75.589207,"Bridgeville, DE",Bridgeville,DE,Bridgeville,city,1430429048360,True,2177394514,
593888592205852672,None,None,None,Thu Apr 30 21:24:08 +0000 2015,1430447048.0,None,None,Point,"[[[-79.487651, 37.886607], [-79.487651, 39.723622], [-74.986286, 39.723622], [-74.986286, 37.886607]]]",Polygon,37.886607,-79.487651,39.723622,-74.986286,"Maryland, USA",None,Maryland,Maryland,admin,1430429048955,True,392367913,
593888591551537157,None,None,None,Thu Apr 30 21:24:08 +0000 2015,1430447048.0,None,None,Point,"[[[-77.601044, 37.447046], [-77.601044, 37.61272], [-77.385297, 37.61272], [-77.385297, 37.447046]]]",Polygon,37.447046,-77.601044,37.61272,-77.385297,"Richmond, VA",Richmond,VA,Richmond,city,1430429048799,True,35569258,"Richmond, Va"
593888594252693506,None,None,None,Thu Apr 30 21:24:09 +0000 2015,1430447049.0,None,None,Point,"[[[-77.119401, 38.801826], [-77.119401, 38.9953797], [-76.909396, 38.9953797], [-76.909396, 38.801826]]]",Polygon,38.801826,-77.119401,38.9953797,-76.909396,"Washington, DC",Washington,DC,Washington,city,1430429049443,True,17282363,"Washington, DC"
593888594886008832,None,None,None,Thu Apr 30 21:24:09 +0000 2015,1430447049.0,None,None,Point,"[[[-76.568646, 39.379544], [-76.568646, 39.44386], [-76.498934, 39.44386], [-76.498934, 39.379544]]]",Polygon,39.379544,-76.568646,39.44386,-76.498934,"Carney, MD",Carney,MD,Carney,city,1430429049594,True,1005125437,
593888597897449473,None,None,None,Thu Apr 30 21:24:10 +0000 2015,1430447050.0,None,None,Point,"[[[-75.563587, 38.788657], [-75.563587, 41.357424], [-73.88506, 41.357424], [-73.88506, 38.788657]]]",Polygon,38.788657,-75.563587,41.357424,-73.88506,"New Jersey, USA",None,New Jersey,New Jersey,admin,1430429050312,True,100634191,"Carneys Point, NJ"
593888600246345729,None,None,None,Thu Apr 30 21:24:10 +0000 2015,1430447050.0,None,None,Point,"[[[-84.32187, 33.752879], [-84.32187, 36.588118], [-75.40012, 36.588118], [-75.40012, 33.752879]]]",Polygon,33.752879,-84.32187,36.588118,-75.40012,"North Carolina, USA",None,North Carolina,North Carolina,admin,1430429050872,True,423023049,
593888600594452481,None,None,None,Thu Apr 30 21:24:10 +0000 2015,1430447050.0,None,None,Point,"[[[-79.487651, 37.886607], [-79.487651, 39.723622], [-74.986286, 39.723622], [-74.986286, 37.886607]]]",Polygon,37.886607,-79.487651,39.723622,-74.986286,"Maryland, USA",None,Maryland,Maryland,admin,1430429050955,True,2860837755,trappin w. bff ❄️
593888605791264770,None,None,None,Thu Apr 30 21:24:12 +0000 2015,1430447052.0,None,None,Point,"[[[-76.906087, 38.852725], [-76.906087, 38.870621], [-76.871454, 38.870621], [-76.871454, 38.852725]]]",Polygon,38.852725,-76.906087,38.870621,-76.871454,"District Heights, MD",District Heights,MD,District Heights,city,1430429052194,True,2587562554,
593888606080651264,39.079387,-78.079042,Point,Thu Apr 30 21:24:12 +0000 2015,1430447052.0,39.079387,-78.079042,Point,"[[[-83.67529, 36.540739], [-83.67529, 39.466012], [-75.16644, 39.466012], [-75.16644, 36.540739]]]",Polygon,36.540739,-83.67529,39.466012,-75.16644,"Virginia, USA",None,Virginia,Virginia,admin,1430429052263,True,515505841,
593888606307090432,None,None,None,Thu Apr 30 21:24:12 +0000 2015,1430447052.0,None,None,Point,"[[[-76.915629, 38.971715], [-76.915629, 39.0153633], [-76.858787, 39.0153633], [-76.858787, 38.971715]]]",Polygon,38.971715,-76.915629,39.0153633,-76.858787,"Greenbelt, MD",Greenbelt,MD,Greenbelt,city,1430429052317,True,2302561077,D 〽️V
593888607011758081,None,None,None,Thu Apr 30 21:24:12 +0000 2015,1430447052.0,None,None,Point,"[[[-84.32187, 33.752879], [-84.32187, 36.588118], [-75.40012, 36.588118], [-75.40012, 33.752879]]]",Polygon,33.752879,-84.32187,36.588118,-75.40012,"North Carolina, USA",None,North Carolina,North Carolina,admin,1430429052485,True,393729373,
593888608890785792,None,None,None,Thu Apr 30 21:24:12 +0000 2015,1430447052.0,None,None,Point,"[[[-83.67529, 36.540739], [-83.67529, 39.466012], [-75.16644, 39.466012], [-75.16644, 36.540739]]]",Polygon,36.540739,-83.67529,39.466012,-75.16644,"Virginia, USA",None,Virginia,Virginia,admin,1430429052933,True,472373689,
593888609297690625,None,None,None,Thu Apr 30 21:24:13 +0000 2015,1430447053.0,None,None,Point,"[[[-84.32187, 33.752879], [-84.32187, 36.588118], [-75.40012, 36.588118], [-75.40012, 33.752879]]]",Polygon,33.752879,-84.32187,36.588118,-75.40012,"North Carolina, USA",None,North Carolina,North Carolina,admin,1430429053030,True,2192338785,
593888610413314049,None,None,None,Thu Apr 30 21:24:13 +0000 2015,1430447053.0,None,None,Point,"[[[-80.519851, 39.719801], [-80.519851, 42.516072], [-74.689517, 42.516072], [-74.689517, 39.719801]]]",Polygon,39.719801,-80.519851,42.516072,-74.689517,"Pennsylvania, USA",None,Pennsylvania,Pennsylvania,admin,1430429053296,True,582140844,USA
593888612871208960,None,None,None,Thu Apr 30 21:24:13 +0000 2015,1430447053.0,None,None,Point,"[[[-76.84036, 39.067793], [-76.84036, 39.12138], [-76.787783, 39.12138], [-76.787783, 39.067793]]]",Polygon,39.067793,-76.84036,39.12138,-76.787783,"Maryland City, MD",Maryland City,MD,Maryland City,city,1430429053882,True,271232764,snapchat : imanilashelle
593888617157808128,None,None,None,Thu Apr 30 21:24:14 +0000 2015,1430447054.0,None,None,Point,"[[[-80.519851, 39.719801], [-80.519851, 42.516072], [-74.689517, 42.516072], [-74.689517, 39.719801]]]",Polygon,39.719801,-80.519851,42.516072,-74.689517,"Pennsylvania, USA",None,Pennsylvania,Pennsylvania,admin,1430429054904,True,133439784,PENNSYLVANIA
593888617988268032,None,None,None,Thu Apr 30 21:24:15 +0000 2015,1430447055.0,None,None,Point,"[[[-77.393246, 38.90861], [-77.393246, 39.002993], [-77.304868, 39.002993], [-77.304868, 38.90861]]]",Polygon,38.90861,-77.393246,39.002993,-77.304868,"Reston, VA",Reston,VA,Reston,city,1430429055102,True,7214092,"a cubicle in Reston, Va."
593888618378321920,None,None,None,Thu Apr 30 21:24:15 +0000 2015,1430447055.0,None,None,Point,"[[[-83.67529, 36.540739], [-83.67529, 39.466012], [-75.16644, 39.466012], [-75.16644, 36.540739]]]",Polygon,36.540739,-83.67529,39.466012,-75.16644,"Virginia, USA",None,Virginia,Virginia,admin,1430429055195,True,161150036,
593888624967581696,None,None,None,Thu Apr 30 21:24:16 +0000 2015,1430447056.0,None,None,Point,"[[[-76.866905, 38.9777739], [-76.866905, 39.019795], [-76.833858, 39.019795], [-76.833858, 38.9777739]]]",Polygon,38.9777739,-76.866905,39.019795,-76.833858,"Goddard, MD",Goddard,MD,Goddard,city,1430429056766,True,30668975,D(M)V
593888626368471041,None,None,None,Thu Apr 30 21:24:17 +0000 2015,1430447057.0,None,None,Point,"[[[-77.231293, 39.152407], [-77.231293, 39.235691], [-77.112229, 39.235691], [-77.112229, 39.152407]]]",Polygon,39.152407,-77.231293,39.235691,-77.112229,"Montgomery Village, MD",Montgomery Village,MD,Montgomery Village,city,1430429057100,True,338082675,
593888628385906688,None,None,None,Thu Apr 30 21:24:17 +0000 2015,1430447057.0,None,None,Point,"[[[-84.32187, 33.752879], [-84.32187, 36.588118], [-75.40012, 36.588118], [-75.40012, 33.752879]]]",Polygon,33.752879,-84.32187,36.588118,-75.40012,"North Carolina, USA",None,North Carolina,North Carolina,admin,1430429057581,True,492826570,north carolina 
593888630147567616,None,None,None,Thu Apr 30 21:24:18 +0000 2015,1430447058.0,None,None,Point,"[[[-77.119401, 38.801826], [-77.119401, 38.9953797], [-76.909396, 38.9953797], [-76.909396, 38.801826]]]",Polygon,38.801826,-77.119401,38.9953797,-76.909396,"Washington, DC",Washington,DC,Washington,city,1430429058001,True,236131360,America
593888630315347968,None,None,None,Thu Apr 30 21:24:18 +0000 2015,1430447058.0,None,None,Point,"[[[-76.711517, 39.197211], [-76.711517, 39.372215], [-76.529388, 39.372215], [-76.529388, 39.197211]]]",Polygon,39.197211,-76.711517,39.372215,-76.529388,"Baltimore, MD",Baltimore,MD,Baltimore,city,1430429058041,True,349760406,Northeast ✈ U.S. Air Force
593888630554415104,None,None,None,Thu Apr 30 21:24:18 +0000 2015,1430447058.0,None,None,Point,"[[[-78.918345, 38.387443], [-78.918345, 38.489169], [-78.824223, 38.489169], [-78.824223, 38.387443]]]",Polygon,38.387443,-78.918345,38.489169,-78.824223,"Harrisonburg, VA",Harrisonburg,VA,Harrisonburg,city,1430429058098,True,157128119,jmu '17
593888632227930112,None,None,None,Thu Apr 30 21:24:18 +0000 2015,1430447058.0,None,None,Point,"[[[-76.965622, 38.971053], [-76.965622, 39.022888], [-76.903378, 39.022888], [-76.903378, 38.971053]]]",Polygon,38.971053,-76.965622,39.022888,-76.903378,"College Park, MD",College Park,MD,College Park,city,1430429058497,True,1152466219,"College Park, MD"
593888633469411330,None,None,None,Thu Apr 30 21:24:18 +0000 2015,1430447058.0,None,None,Point,"[[[-83.67529, 36.540739], [-83.67529, 39.466012], [-75.16644, 39.466012], [-75.16644, 36.540739]]]",Polygon,36.540739,-83.67529,39.466012,-75.16644,"Virginia, USA",None,Virginia,Virginia,admin,1430429058793,True,478974756,
593888633951756288,None,None,None,Thu Apr 30 21:24:18 +0000 2015,1430447058.0,None,None,Point,"[[[-84.32187, 33.752879], [-84.32187, 36.588118], [-75.40012, 36.588118], [-75.40012, 33.752879]]]",Polygon,33.752879,-84.32187,36.588118,-75.40012,"North Carolina, USA",None,North Carolina,North Carolina,admin,1430429058908,True,357724045,North Carolina
593888635134566400,None,None,None,Thu Apr 30 21:24:19 +0000 2015,1430447059.0,None,None,Point,"[[[-76.481313, 38.986647], [-76.481313, 39.053198], [-76.39455, 39.053198], [-76.39455, 38.986647]]]",Polygon,38.986647,-76.481313,39.053198,-76.39455,"Cape St Claire, MD",Cape St Claire,MD,Cape St Claire,city,1430429059190,True,248976119,"Arnold, MD"
593888636304793600,None,None,None,Thu Apr 30 21:24:19 +0000 2015,1430447059.0,None,None,Point,"[[[-76.980974, 38.5673338], [-76.980974, 38.639709], [-76.85926, 38.639709], [-76.85926, 38.5673338]]]",Polygon,38.5673338,-76.980974,38.639709,-76.85926,"St Charles, MD",St Charles,MD,St Charles,city,1430429059469,True,3011345523,
593888640201322498,None,None,None,Thu Apr 30 21:24:20 +0000 2015,1430447060.0,None,None,Point,"[[[-76.448383, 36.66], [-76.448383, 36.866431], [-76.143408, 36.866431], [-76.143408, 36.66]]]",Polygon,36.66,-76.448383,36.866431,-76.143408,"Chesapeake, VA",Chesapeake,VA,Chesapeake,city,1430429060398,True,88779938,757
593888641291784193,None,None,None,Thu Apr 30 21:24:20 +0000 2015,1430447060.0,None,None,Point,"[[[-77.119401, 38.801826], [-77.119401, 38.9953797], [-76.909396, 38.9953797], [-76.909396, 38.801826]]]",Polygon,38.801826,-77.119401,38.9953797,-76.909396,"Washington, DC",Washington,DC,Washington,city,1430429060658,True,1618794644,Somewhere Nice
593888644496232448,None,None,None,Thu Apr 30 21:24:21 +0000 2015,1430447061.0,None,None,Point,"[[[-75.563587, 38.788657], [-75.563587, 41.357424], [-73.88506, 41.357424], [-73.88506, 38.788657]]]",Polygon,38.788657,-75.563587,41.357424,-73.88506,"New Jersey, USA",None,New Jersey,New Jersey,admin,1430429061422,True,1334268248,
593888646199148544,None,None,None,Thu Apr 30 21:24:21 +0000 2015,1430447061.0,None,None,Point,"[[[-80.519851, 39.719801], [-80.519851, 42.516072], [-74.689517, 42.516072], [-74.689517, 39.719801]]]",Polygon,39.719801,-80.519851,42.516072,-74.689517,"Pennsylvania, USA",None,Pennsylvania,Pennsylvania,admin,1430429061828,True,1339470846,
593888647902007296,None,None,None,Thu Apr 30 21:24:22 +0000 2015,1430447062.0,None,None,Point,"[[[-76.711517, 39.197211], [-76.711517, 39.372215], [-76.529388, 39.372215], [-76.529388, 39.197211]]]",Polygon,39.197211,-76.711517,39.372215,-76.529388,"Baltimore, MD",Baltimore,MD,Baltimore,city,1430429062234,True,2461277866,
593888650653474816,None,None,None,Thu Apr 30 21:24:22 +0000 2015,1430447062.0,None,None,Point,"[[[-76.979663, 39.031287], [-76.979663, 39.078122], [-76.918493, 39.078122], [-76.918493, 39.031287]]]",Polygon,39.031287,-76.979663,39.078122,-76.918493,"Calverton, MD",Calverton,MD,Calverton,city,1430429062890,True,30112933,Creek House 又
593888650791911424,38.888857,-76.936509,Point,Thu Apr 30 21:24:22 +0000 2015,1430447062.0,38.888857,-76.936509,Point,"[[[-77.119401, 38.801826], [-77.119401, 38.9953797], [-76.909396, 38.9953797], [-76.909396, 38.801826]]]",Polygon,38.801826,-77.119401,38.9953797,-76.909396,"Washington, DC",Washington,DC,Washington,city,1430429062923,True,1025240022,4⃣6⃣0⃣0⃣
593888650842214402,None,None,None,Thu Apr 30 21:24:22 +0000 2015,1430447062.0,None,None,Point,"[[[-80.519851, 39.719801], [-80.519851, 42.516072], [-74.689517, 42.516072], [-74.689517, 39.719801]]]",Polygon,39.719801,-80.519851,42.516072,-74.689517,"Pennsylvania, USA",None,Pennsylvania,Pennsylvania,admin,1430429062935,True,461697732,Altoona PA
593888654424145920,None,None,None,Thu Apr 30 21:24:23 +0000 2015,1430447063.0,None,None,Point,"[[[-78.812786, 39.604364], [-78.812786, 39.7221912], [-78.703253, 39.7221912], [-78.703253, 39.604364]]]",Polygon,39.604364,-78.812786,39.7221912,-78.703253,"Cumberland, MD",Cumberland,MD,Cumberland,city,1430429063789,True,2682648032,
593888654436769792,None,None,None,Thu Apr 30 21:24:23 +0000 2015,1430447063.0,None,None,Point,"[[[-76.889372, 39.076292], [-76.889372, 39.115394], [-76.827105, 39.115394], [-76.827105, 39.076292]]]",Polygon,39.076292,-76.889372,39.115394,-76.827105,"Laurel, MD",Laurel,MD,Laurel,city,1430429063792,True,47403415,❣ '  Quiseee  ' ❣ 
593888654696787971,None,None,None,Thu Apr 30 21:24:23 +0000 2015,1430447063.0,None,None,Point,"[[[-83.67529, 36.540739], [-83.67529, 39.466012], [-75.16644, 39.466012], [-75.16644, 36.540739]]]",Polygon,36.540739,-83.67529,39.466012,-75.16644,"Virginia, USA",None,Virginia,Virginia,admin,1430429063854,True,1289740028,
593888657007710208,35.205108,-81.084594,Point,Thu Apr 30 21:24:24 +0000 2015,1430447064.0,35.205108,-81.084594,Point,"[[[-84.32187, 33.752879], [-84.32187, 36.588118], [-75.40012, 36.588118], [-75.40012, 33.752879]]]",Polygon,33.752879,-84.32187,36.588118,-75.40012,"North Carolina, USA",None,North Carolina,North Carolina,admin,1430429064405,True,1703337128,
593888657473409024,None,None,None,Thu Apr 30 21:24:24 +0000 2015,1430447064.0,None,None,Point,"[[[-80.519851, 39.719801], [-80.519851, 42.516072], [-74.689517, 42.516072], [-74.689517, 39.719801]]]",Polygon,39.719801,-80.519851,42.516072,-74.689517,"Pennsylvania, USA",None,Pennsylvania,Pennsylvania,admin,1430429064516,True,323419951,
593888658001960960,None,None,None,Thu Apr 30 21:24:24 +0000 2015,1430447064.0,None,None,Point,"[[[-80.519851, 39.719801], [-80.519851, 42.516072], [-74.689517, 42.516072], [-74.689517, 39.719801]]]",Polygon,39.719801,-80.519851,42.516072,-74.689517,"Pennsylvania, USA",None,Pennsylvania,Pennsylvania,admin,1430429064642,True,1475863586,Julheha & Asslyn 5ever 
593888658626891777,None,None,None,Thu Apr 30 21:24:24 +0000 2015,1430447064.0,None,None,Point,"[[[-77.144435, 38.789907], [-77.144435, 38.8448531], [-77.037304, 38.8448531], [-77.037304, 38.789907]]]",Polygon,38.789907,-77.144435,38.8448531,-77.037304,"Alexandria, VA",Alexandria,VA,Alexandria,city,1430429064791,True,7472572,"Washington, DC"
593888660124209153,None,None,None,Thu Apr 30 21:24:25 +0000 2015,1430447065.0,None,None,Point,"[[[-77.119401, 38.801826], [-77.119401, 38.9953797], [-76.909396, 38.9953797], [-76.909396, 38.801826]]]",Polygon,38.801826,-77.119401,38.9953797,-76.909396,"Washington, DC",Washington,DC,Washington,city,1430429065148,True,2975731515,
593888665711058945,None,None,None,Thu Apr 30 21:24:26 +0000 2015,1430447066.0,None,None,Point,"[[[-77.119401, 38.801826], [-77.119401, 38.9953797], [-76.909396, 38.9953797], [-76.909396, 38.801826]]]",Polygon,38.801826,-77.119401,38.9953797,-76.909396,"Washington, DC",Washington,DC,Washington,city,1430429066480,True,1890536647,
593888665790713856,None,None,None,Thu Apr 30 21:24:26 +0000 2015,1430447066.0,None,None,Point,"[[[-76.867303, 38.7355783], [-76.867303, 38.834121], [-76.794846, 38.834121], [-76.794846, 38.7355783]]]",Polygon,38.7355783,-76.867303,38.834121,-76.794846,"Rosaryville, MD",Rosaryville,MD,Rosaryville,city,1430429066499,True,2341078116,w. bria :)
593888667229360128,38.845323,-76.978735,Point,Thu Apr 30 21:24:26 +0000 2015,1430447066.0,38.845323,-76.978735,Point,"[[[-77.119401, 38.801826], [-77.119401, 38.9953797], [-76.909396, 38.9953797], [-76.909396, 38.801826]]]",Polygon,38.801826,-77.119401,38.9953797,-76.909396,"Washington, DC",Washington,DC,Washington,city,1430429066842,True,174377381,Empire State Of Mind
593888668848365568,None,None,None,Thu Apr 30 21:24:27 +0000 2015,1430447067.0,None,None,Point,"[[[-76.795559, 39.320502], [-76.795559, 39.369482], [-76.744784, 39.369482], [-76.744784, 39.320502]]]",Polygon,39.320502,-76.795559,39.369482,-76.744784,"Milford Mill, MD",Milford Mill,MD,Milford Mill,city,1430429067228,True,43227250,☁️Båłtįmørę⚡️Wōødlawn☁️
593888669313998848,38.900818,-77.046748,Point,Thu Apr 30 21:24:27 +0000 2015,1430447067.0,38.900818,-77.046748,Point,"[[[-77.119401, 38.801826], [-77.119401, 38.9953797], [-76.909396, 38.9953797], [-76.909396, 38.801826]]]",Polygon,38.801826,-77.119401,38.9953797,-76.909396,"Washington, DC",Washington,DC,Washington,city,1430429067339,True,31289667,Maryland
593888671394205696,39.280018,-76.578683,Point,Thu Apr 30 21:24:27 +0000 2015,1430447067.0,39.280018,-76.578683,Point,"[[[-76.711517, 39.197211], [-76.711517, 39.372215], [-76.529388, 39.372215], [-76.529388, 39.197211]]]",Polygon,39.197211,-76.711517,39.372215,-76.529388,"Baltimore, MD",Baltimore,MD,Baltimore,city,1430429067835,True,199324673,"Baltimore, Maryland USA"
593888671742500864,None,None,None,Thu Apr 30 21:24:27 +0000 2015,1430447067.0,None,None,Point,"[[[-80.519851, 39.719801], [-80.519851, 42.516072], [-74.689517, 42.516072], [-74.689517, 39.719801]]]",Polygon,39.719801,-80.519851,42.516072,-74.689517,"Pennsylvania, USA",None,Pennsylvania,Pennsylvania,admin,1430429067918,True,1050713660,Win From Within
593888671906078721,None,None,None,Thu Apr 30 21:24:27 +0000 2015,1430447067.0,None,None,Point,"[[[-77.82205, 38.693589], [-77.82205, 38.7377936], [-77.777987, 38.7377936], [-77.777987, 38.693589]]]",Polygon,38.693589,-77.82205,38.7377936,-77.777987,"Warrenton, VA",Warrenton,VA,Warrenton,city,1430429067957,True,1695251676,
593888677006282752,None,None,None,Thu Apr 30 21:24:29 +0000 2015,1430447069.0,None,None,Point,"[[[-84.32187, 33.752879], [-84.32187, 36.588118], [-75.40012, 36.588118], [-75.40012, 33.752879]]]",Polygon,33.752879,-84.32187,36.588118,-75.40012,"North Carolina, USA",None,North Carolina,North Carolina,admin,1430429069173,True,513915286,
593888677241094144,41.169309,-74.758862,Point,Thu Apr 30 21:24:29 +0000 2015,1430447069.0,41.169309,-74.758862,Point,"[[[-75.563587, 38.788657], [-75.563587, 41.357424], [-73.88506, 41.357424], [-73.88506, 38.788657]]]",Polygon,38.788657,-75.563587,41.357424,-73.88506,"New Jersey, USA",None,New Jersey,New Jersey,admin,1430429069229,True,423846423,
593888679434805248,None,None,None,Thu Apr 30 21:24:29 +0000 2015,1430447069.0,None,None,Point,"[[[-83.67529, 36.540739], [-83.67529, 39.466012], [-75.16644, 39.466012], [-75.16644, 36.540739]]]",Polygon,36.540739,-83.67529,39.466012,-75.16644,"Virginia, USA",None,Virginia,Virginia,admin,1430429069752,True,2721916277,Suff. Va. 
593888683268407297,None,None,None,Thu Apr 30 21:24:30 +0000 2015,1430447070.0,None,None,Point,"[[[-80.519851, 39.719801], [-80.519851, 42.516072], [-74.689517, 42.516072], [-74.689517, 39.719801]]]",Polygon,39.719801,-80.519851,42.516072,-74.689517,"Pennsylvania, USA",None,Pennsylvania,Pennsylvania,admin,1430429070666,True,582140844,USA
593888684103094273,None,None,None,Thu Apr 30 21:24:30 +0000 2015,1430447070.0,None,None,Point,"[[[-77.476711, 39.369128], [-77.476711, 39.494945], [-77.359293, 39.494945], [-77.359293, 39.369128]]]",Polygon,39.369128,-77.476711,39.494945,-77.359293,"Frederick, MD",Frederick,MD,Frederick,city,1430429070865,True,18097426,"Hagerstown, MD"
593888684342128642,None,None,None,Thu Apr 30 21:24:30 +0000 2015,1430447070.0,None,None,Point,"[[[-82.644739, 37.201483], [-82.644739, 40.638802], [-77.718935, 40.638802], [-77.718935, 37.201483]]]",Polygon,37.201483,-82.644739,40.638802,-77.718935,"West Virginia, USA",None,West Virginia,West Virginia,admin,1430429070922,True,464416722,"Ottawa, WV"
593888687198310402,39.626935,-75.692463,Point,Thu Apr 30 21:24:31 +0000 2015,1430447071.0,39.626935,-75.692463,Point,"[[[-75.716794, 39.599414], [-75.716794, 39.638355], [-75.6457506, 39.638355], [-75.6457506, 39.599414]]]",Polygon,39.599414,-75.716794,39.638355,-75.6457506,"Bear, DE",Bear,DE,Bear,city,1430429071603,True,2205820227,
593888689987661825,39.048935,-77.204339,Point,Thu Apr 30 21:24:32 +0000 2015,1430447072.0,39.048935,-77.204339,Point,"[[[-77.248462, 38.971077], [-77.248462, 39.0693022], [-77.1418208, 39.0693022], [-77.1418208, 38.971077]]]",Polygon,38.971077,-77.248462,39.0693022,-77.1418208,"Potomac, MD",Potomac,MD,Potomac,city,1430429072268,True,1002764330,
593888692269424640,None,None,None,Thu Apr 30 21:24:32 +0000 2015,1430447072.0,None,None,Point,"[[[-76.711517, 39.197211], [-76.711517, 39.372215], [-76.529388, 39.372215], [-76.529388, 39.197211]]]",Polygon,39.197211,-76.711517,39.372215,-76.529388,"Baltimore, MD",Baltimore,MD,Baltimore,city,1430429072812,True,2916106674,
593888692311306240,None,None,None,Thu Apr 30 21:24:32 +0000 2015,1430447072.0,None,None,Point,"[[[-80.519851, 39.719801], [-80.519851, 42.516072], [-74.689517, 42.516072], [-74.689517, 39.719801]]]",Polygon,39.719801,-80.519851,42.516072,-74.689517,"Pennsylvania, USA",None,Pennsylvania,Pennsylvania,admin,1430429072822,True,3092390175,
593888694794375171,None,None,None,Thu Apr 30 21:24:33 +0000 2015,1430447073.0,None,None,Point,"[[[-76.334287, 36.820791], [-76.334287, 36.969373], [-76.177085, 36.969373], [-76.177085, 36.820791]]]",Polygon,36.820791,-76.334287,36.969373,-76.177085,"Norfolk, VA",Norfolk,VA,Norfolk,city,1430429073414,True,3021686656,757 ❤️
593888696245489664,37.539658,-77.429688,Point,Thu Apr 30 21:24:33 +0000 2015,1430447073.0,37.539658,-77.429688,Point,"[[[-77.601044, 37.447046], [-77.601044, 37.61272], [-77.385297, 37.61272], [-77.385297, 37.447046]]]",Polygon,37.447046,-77.601044,37.61272,-77.385297,"Richmond, VA",Richmond,VA,Richmond,city,1430429073760,True,2654255144,"Richmond, Virginia"
593888698959278081,None,None,None,Thu Apr 30 21:24:34 +0000 2015,1430447074.0,None,None,Point,"[[[-79.487651, 37.886607], [-79.487651, 39.723622], [-74.986286, 39.723622], [-74.986286, 37.886607]]]",Polygon,37.886607,-79.487651,39.723622,-74.986286,"Maryland, USA",None,Maryland,Maryland,admin,1430429074407,True,180408287,
593888700607651840,None,None,None,Thu Apr 30 21:24:34 +0000 2015,1430447074.0,None,None,Point,"[[[-75.788758, 38.451038], [-75.788758, 39.839007], [-74.984165, 39.839007], [-74.984165, 38.451038]]]",Polygon,38.451038,-75.788758,39.839007,-74.984165,"Delaware, USA",None,Delaware,Delaware,admin,1430429074800,True,470882370,#SHM
593888701652021248,None,None,None,Thu Apr 30 21:24:35 +0000 2015,1430447075.0,None,None,Point,"[[[-83.67529, 36.540739], [-83.67529, 39.466012], [-75.16644, 39.466012], [-75.16644, 36.540739]]]",Polygon,36.540739,-83.67529,39.466012,-75.16644,"Virginia, USA",None,Virginia,Virginia,admin,1430429075049,True,349910760,midlothian virginia
593888703539499010,None,None,None,Thu Apr 30 21:24:35 +0000 2015,1430447075.0,None,None,Point,"[[[-76.644717, 39.131259], [-76.644717, 39.207912], [-76.563196, 39.207912], [-76.563196, 39.131259]]]",Polygon,39.131259,-76.644717,39.207912,-76.563196,"Glen Burnie, MD",Glen Burnie,MD,Glen Burnie,city,1430429075499,True,380690731,"Athens, Ohio"
593888704944578560,None,None,None,Thu Apr 30 21:24:35 +0000 2015,1430447075.0,None,None,Point,"[[[-84.32187, 33.752879], [-84.32187, 36.588118], [-75.40012, 36.588118], [-75.40012, 33.752879]]]",Polygon,33.752879,-84.32187,36.588118,-75.40012,"North Carolina, USA",None,North Carolina,North Carolina,admin,1430429075834,True,541337778,"Newton Grove,NC"
593888706655887361,None,None,None,Thu Apr 30 21:24:36 +0000 2015,1430447076.0,None,None,Point,"[[[-76.734394, 39.019327], [-76.734394, 39.103254], [-76.643899, 39.103254], [-76.643899, 39.019327]]]",Polygon,39.019327,-76.734394,39.103254,-76.643899,"Odenton, MD",Odenton,MD,Odenton,city,1430429076242,True,3064016885,United States
593888710397136896,None,None,None,Thu Apr 30 21:24:37 +0000 2015,1430447077.0,None,None,Point,"[[[-83.67529, 36.540739], [-83.67529, 39.466012], [-75.16644, 39.466012], [-75.16644, 36.540739]]]",Polygon,36.540739,-83.67529,39.466012,-75.16644,"Virginia, USA",None,Virginia,Virginia,admin,1430429077134,True,244294203,
593888712024576000,None,None,None,Thu Apr 30 21:24:37 +0000 2015,1430447077.0,None,None,Point,"[[[-82.644739, 37.201483], [-82.644739, 40.638802], [-77.718935, 40.638802], [-77.718935, 37.201483]]]",Polygon,37.201483,-82.644739,40.638802,-77.718935,"West Virginia, USA",None,West Virginia,West Virginia,admin,1430429077522,True,1066022125,probably w ellison
593888712632737794,None,None,None,Thu Apr 30 21:24:37 +0000 2015,1430447077.0,None,None,Point,"[[[-75.563587, 38.788657], [-75.563587, 41.357424], [-73.88506, 41.357424], [-73.88506, 38.788657]]]",Polygon,38.788657,-75.563587,41.357424,-73.88506,"New Jersey, USA",None,New Jersey,New Jersey,admin,1430429077667,True,516122705,nj
593888713165381632,None,None,None,Thu Apr 30 21:24:37 +0000 2015,1430447077.0,None,None,Point,"[[[-76.889372, 39.076292], [-76.889372, 39.115394], [-76.827105, 39.115394], [-76.827105, 39.076292]]]",Polygon,39.076292,-76.889372,39.115394,-76.827105,"Laurel, MD",Laurel,MD,Laurel,city,1430429077794,True,1576800890,Lauel MD
593888716395028480,None,None,None,Thu Apr 30 21:24:38 +0000 2015,1430447078.0,None,None,Point,"[[[-76.711517, 39.197211], [-76.711517, 39.372215], [-76.529388, 39.372215], [-76.529388, 39.197211]]]",Polygon,39.197211,-76.711517,39.372215,-76.529388,"Baltimore, MD",Baltimore,MD,Baltimore,city,1430429078564,True,17557998,Charm City
593888717946892288,38.741316,-77.111187,Point,Thu Apr 30 21:24:38 +0000 2015,1430447078.0,38.741316,-77.111187,Point,"[[[-77.140882, 38.697083], [-77.140882, 38.747275], [-77.072778, 38.747275], [-77.072778, 38.697083]]]",Polygon,38.697083,-77.140882,38.747275,-77.072778,"Mount Vernon, VA",Mount Vernon,VA,Mount Vernon,city,1430429078934,True,2760762706,
593888719649820672,None,None,None,Thu Apr 30 21:24:39 +0000 2015,1430447079.0,None,None,Point,"[[[-80.519851, 39.719801], [-80.519851, 42.516072], [-74.689517, 42.516072], [-74.689517, 39.719801]]]",Polygon,39.719801,-80.519851,42.516072,-74.689517,"Pennsylvania, USA",None,Pennsylvania,Pennsylvania,admin,1430429079340,True,1050713660,Win From Within
593888719540768768,None,None,None,Thu Apr 30 21:24:39 +0000 2015,1430447079.0,None,None,Point,"[[[-77.158594, 38.940225], [-77.158594, 39.022437], [-77.078411, 39.022437], [-77.078411, 38.940225]]]",Polygon,38.940225,-77.158594,39.022437,-77.078411,"Bethesda, MD",Bethesda,MD,Bethesda,city,1430429079314,True,146787865,Washington D.C
593888720891195392,None,None,None,Thu Apr 30 21:24:39 +0000 2015,1430447079.0,None,None,Point,"[[[-76.448383, 36.66], [-76.448383, 36.866431], [-76.143408, 36.866431], [-76.143408, 36.66]]]",Polygon,36.66,-76.448383,36.866431,-76.143408,"Chesapeake, VA",Chesapeake,VA,Chesapeake,city,1430429079636,True,45920548,
593888721419767808,None,None,None,Thu Apr 30 21:24:39 +0000 2015,1430447079.0,None,None,Point,"[[[-83.67529, 36.540739], [-83.67529, 39.466012], [-75.16644, 39.466012], [-75.16644, 36.540739]]]",Polygon,36.540739,-83.67529,39.466012,-75.16644,"Virginia, USA",None,Virginia,Virginia,admin,1430429079762,True,212006850,GOD Help America!
593888721633681408,None,None,None,Thu Apr 30 21:24:39 +0000 2015,1430447079.0,None,None,Point,"[[[-78.078257, 39.337152], [-78.078257, 39.372581], [-78.027219, 39.372581], [-78.027219, 39.337152]]]",Polygon,39.337152,-78.078257,39.372581,-78.027219,"Inwood, WV",Inwood,WV,Inwood,city,1430429079813,True,883309722,
593888727132446720,None,None,None,Thu Apr 30 21:24:41 +0000 2015,1430447081.0,None,None,Point,"[[[-79.487651, 37.886607], [-79.487651, 39.723622], [-74.986286, 39.723622], [-74.986286, 37.886607]]]",Polygon,37.886607,-79.487651,39.723622,-74.986286,"Maryland, USA",None,Maryland,Maryland,admin,1430429081124,True,2456064839,slc • 2/28/15 • KLS❤️ LFB
593888727354712064,None,None,None,Thu Apr 30 21:24:41 +0000 2015,1430447081.0,None,None,Point,"[[[-77.119401, 38.801826], [-77.119401, 38.9953797], [-76.909396, 38.9953797], [-76.909396, 38.801826]]]",Polygon,38.801826,-77.119401,38.9953797,-76.909396,"Washington, DC",Washington,DC,Washington,city,1430429081177,True,2227928261,2⃣-5⃣ Shawty
593888726759055360,None,None,None,Thu Apr 30 21:24:41 +0000 2015,1430447081.0,None,None,Point,"[[[-84.32187, 33.752879], [-84.32187, 36.588118], [-75.40012, 36.588118], [-75.40012, 33.752879]]]",Polygon,33.752879,-84.32187,36.588118,-75.40012,"North Carolina, USA",None,North Carolina,North Carolina,admin,1430429081035,True,583293704,north carolina 
593888729338621952,None,None,None,Thu Apr 30 21:24:41 +0000 2015,1430447081.0,None,None,Point,"[[[-76.661193, 39.105728], [-76.661193, 39.1609983], [-76.588299, 39.1609983], [-76.588299, 39.105728]]]",Polygon,39.105728,-76.661193,39.1609983,-76.588299,"South Gate, MD",South Gate,MD,South Gate,city,1430429081650,True,2841792817,MD
593888730882125824,None,None,None,Thu Apr 30 21:24:42 +0000 2015,1430447082.0,None,None,Point,"[[[-84.32187, 33.752879], [-84.32187, 36.588118], [-75.40012, 36.588118], [-75.40012, 33.752879]]]",Polygon,33.752879,-84.32187,36.588118,-75.40012,"North Carolina, USA",None,North Carolina,North Carolina,admin,1430429082018,True,2813535588,mal and kei
593888730928123904,None,None,None,Thu Apr 30 21:24:42 +0000 2015,1430447082.0,None,None,Point,"[[[-75.788758, 38.451038], [-75.788758, 39.839007], [-74.984165, 39.839007], [-74.984165, 38.451038]]]",Polygon,38.451038,-75.788758,39.839007,-74.984165,"Delaware, USA",None,Delaware,Delaware,admin,1430429082029,True,2204288023,
593888730244587521,39.552551,-75.041045,Point,Thu Apr 30 21:24:41 +0000 2015,1430447081.0,39.552551,-75.041045,Point,"[[[-75.076284, 39.401507], [-75.076284, 39.568715], [-74.945245, 39.568715], [-74.945245, 39.401507]]]",Polygon,39.401507,-75.076284,39.568715,-74.945245,"Vineland, NJ",Vineland,NJ,Vineland,city,1430429081866,True,2511997853,
593888733427961856,39.192978,-76.7238,Point,Thu Apr 30 21:24:42 +0000 2015,1430447082.0,39.192978,-76.7238,Point,"[[[-76.80445, 39.162427], [-76.80445, 39.251056], [-76.696328, 39.251056], [-76.696328, 39.162427]]]",Polygon,39.162427,-76.80445,39.251056,-76.696328,"Elkridge, MD",Elkridge,MD,Elkridge,city,1430429082625,True,1425504374,Nationwide
593888733247705089,39.31048,-76.618932,Point,Thu Apr 30 21:24:42 +0000 2015,1430447082.0,39.31048,-76.618932,Point,"[[[-76.711517, 39.197211], [-76.711517, 39.372215], [-76.529388, 39.372215], [-76.529388, 39.197211]]]",Polygon,39.197211,-76.711517,39.372215,-76.529388,"Baltimore, MD",Baltimore,MD,Baltimore,city,1430429082582,True,14215761,"Blastimore, Mastidon"
593888734677966848,None,None,None,Thu Apr 30 21:24:42 +0000 2015,1430447082.0,None,None,Point,"[[[-84.32187, 33.752879], [-84.32187, 36.588118], [-75.40012, 36.588118], [-75.40012, 33.752879]]]",Polygon,33.752879,-84.32187,36.588118,-75.40012,"North Carolina, USA",None,North Carolina,North Carolina,admin,1430429082923,True,423023049,
593888738306035712,None,None,None,Thu Apr 30 21:24:43 +0000 2015,1430447083.0,None,None,Point,"[[[-75.563587, 38.788657], [-75.563587, 41.357424], [-73.88506, 41.357424], [-73.88506, 38.788657]]]",Polygon,38.788657,-75.563587,41.357424,-73.88506,"New Jersey, USA",None,New Jersey,New Jersey,admin,1430429083788,True,778587468,new jersey
593888738880651265,None,None,None,Thu Apr 30 21:24:43 +0000 2015,1430447083.0,None,None,Point,"[[[-76.711517, 39.197211], [-76.711517, 39.372215], [-76.529388, 39.372215], [-76.529388, 39.197211]]]",Polygon,39.197211,-76.711517,39.372215,-76.529388,"Baltimore, MD",Baltimore,MD,Baltimore,city,1430429083925,True,4116981,"iPhone: 38.875462,-77.152977"
593888740034093057,38.845174,-76.997404,Point,Thu Apr 30 21:24:44 +0000 2015,1430447084.0,38.845174,-76.997404,Point,"[[[-77.119401, 38.801826], [-77.119401, 38.9953797], [-76.909396, 38.9953797], [-76.909396, 38.801826]]]",Polygon,38.801826,-77.119401,38.9953797,-76.909396,"Washington, DC",Washington,DC,Washington,city,1430429084200,True,182447811,UPT..where the LOUD things are
593888740583546880,None,None,None,Thu Apr 30 21:24:44 +0000 2015,1430447084.0,None,None,Point,"[[[-76.866905, 38.9777739], [-76.866905, 39.019795], [-76.833858, 39.019795], [-76.833858, 38.9777739]]]",Polygon,38.9777739,-76.866905,39.019795,-76.833858,"Goddard, MD",Goddard,MD,Goddard,city,1430429084331,True,30668975,D(M)V
593888740982038528,None,None,None,Thu Apr 30 21:24:44 +0000 2015,1430447084.0,None,None,Point,"[[[-76.6729123, 39.453647], [-76.6729123, 39.534252], [-76.58212, 39.534252], [-76.58212, 39.453647]]]",Polygon,39.453647,-76.6729123,39.534252,-76.58212,"Cockeysville, MD",Cockeysville,MD,Cockeysville,city,1430429084426,True,937453657,"Hunt Valley, Maryland"
593888741552484352,None,None,None,Thu Apr 30 21:24:44 +0000 2015,1430447084.0,None,None,Point,"[[[-80.519851, 39.719801], [-80.519851, 42.516072], [-74.689517, 42.516072], [-74.689517, 39.719801]]]",Polygon,39.719801,-80.519851,42.516072,-74.689517,"Pennsylvania, USA",None,Pennsylvania,Pennsylvania,admin,1430429084562,True,470828950,Hford16' 
593888744459128832,None,None,None,Thu Apr 30 21:24:45 +0000 2015,1430447085.0,None,None,Point,"[[[-80.519851, 39.719801], [-80.519851, 42.516072], [-74.689517, 42.516072], [-74.689517, 39.719801]]]",Polygon,39.719801,-80.519851,42.516072,-74.689517,"Pennsylvania, USA",None,Pennsylvania,Pennsylvania,admin,1430429085255,True,582140844,USA
593888743720939522,None,None,None,Thu Apr 30 21:24:45 +0000 2015,1430447085.0,None,None,Point,"[[[-77.601044, 37.447046], [-77.601044, 37.61272], [-77.385297, 37.61272], [-77.385297, 37.447046]]]",Polygon,37.447046,-77.601044,37.61272,-77.385297,"Richmond, VA",Richmond,VA,Richmond,city,1430429085079,True,83083080,RVA - United States 
593888748909305857,None,None,None,Thu Apr 30 21:24:46 +0000 2015,1430447086.0,None,None,Point,"[[[-84.32187, 33.752879], [-84.32187, 36.588118], [-75.40012, 36.588118], [-75.40012, 33.752879]]]",Polygon,33.752879,-84.32187,36.588118,-75.40012,"North Carolina, USA",None,North Carolina,North Carolina,admin,1430429086316,True,2511002575,
593888748166914048,None,None,None,Thu Apr 30 21:24:46 +0000 2015,1430447086.0,None,None,Point,"[[[-80.519851, 39.719801], [-80.519851, 42.516072], [-74.689517, 42.516072], [-74.689517, 39.719801]]]",Polygon,39.719801,-80.519851,42.516072,-74.689517,"Pennsylvania, USA",None,Pennsylvania,Pennsylvania,admin,1430429086139,True,2648497661,
593888749106364418,None,None,None,Thu Apr 30 21:24:46 +0000 2015,1430447086.0,None,None,Point,"[[[-78.7865549, 38.616606], [-78.7865549, 38.649488], [-78.764495, 38.649488], [-78.764495, 38.616606]]]",Polygon,38.616606,-78.7865549,38.649488,-78.764495,"Timberville, VA",Timberville,VA,Timberville,city,1430429086363,True,3063559240,"Luray, VA"
593888749521481728,None,None,None,Thu Apr 30 21:24:46 +0000 2015,1430447086.0,None,None,Point,"[[[-83.67529, 36.540739], [-83.67529, 39.466012], [-75.16644, 39.466012], [-75.16644, 36.540739]]]",Polygon,36.540739,-83.67529,39.466012,-75.16644,"Virginia, USA",None,Virginia,Virginia,admin,1430429086462,True,555634372,️804 / RVA
593888752516386816,None,None,None,Thu Apr 30 21:24:47 +0000 2015,1430447087.0,None,None,Point,"[[[-84.32187, 33.752879], [-84.32187, 36.588118], [-75.40012, 36.588118], [-75.40012, 33.752879]]]",Polygon,33.752879,-84.32187,36.588118,-75.40012,"North Carolina, USA",None,North Carolina,North Carolina,admin,1430429087176,True,333734485,
593888752499597312,None,None,None,Thu Apr 30 21:24:47 +0000 2015,1430447087.0,None,None,Point,"[[[-76.843666, 39.38247], [-76.843666, 39.461505], [-76.750777, 39.461505], [-76.750777, 39.38247]]]",Polygon,39.38247,-76.843666,39.461505,-76.750777,"Owings Mills, MD",Owings Mills,MD,Owings Mills,city,1430429087172,True,2963053828,"Baltimore, Maryland"
593888752893702145,37.570904,-77.450848,Point,Thu Apr 30 21:24:47 +0000 2015,1430447087.0,37.570904,-77.450848,Point,"[[[-77.601044, 37.447046], [-77.601044, 37.61272], [-77.385297, 37.61272], [-77.385297, 37.447046]]]",Polygon,37.447046,-77.601044,37.61272,-77.385297,"Richmond, VA",Richmond,VA,Richmond,city,1430429087266,True,2654255144,"Richmond, Virginia"
593888753841741825,38.888127,-77.013056,Point,Thu Apr 30 21:24:47 +0000 2015,1430447087.0,38.888127,-77.013056,Point,"[[[-77.119401, 38.801826], [-77.119401, 38.9953797], [-76.909396, 38.9953797], [-76.909396, 38.801826]]]",Polygon,38.801826,-77.119401,38.9953797,-76.909396,"Washington, DC",Washington,DC,Washington,city,1430429087492,True,1277661362,"Washington, DC"
593888754659565568,39.414269,-77.410541,Point,Thu Apr 30 21:24:47 +0000 2015,1430447087.0,39.414269,-77.410541,Point,"[[[-77.476711, 39.369128], [-77.476711, 39.494945], [-77.359293, 39.494945], [-77.359293, 39.369128]]]",Polygon,39.369128,-77.476711,39.494945,-77.359293,"Frederick, MD",Frederick,MD,Frederick,city,1430429087687,True,485013829,"Boca Raton, Florida"
593888758111547392,None,None,None,Thu Apr 30 21:24:48 +0000 2015,1430447088.0,None,None,Point,"[[[-76.8853461, 39.033137], [-76.8853461, 39.096875], [-76.810791, 39.096875], [-76.810791, 39.033137]]]",Polygon,39.033137,-76.8853461,39.096875,-76.810791,"South Laurel, MD",South Laurel,MD,South Laurel,city,1430429088510,True,138611643,"Laurel, MD"
593888758669389824,None,None,None,Thu Apr 30 21:24:48 +0000 2015,1430447088.0,None,None,Point,"[[[-76.448383, 36.66], [-76.448383, 36.866431], [-76.143408, 36.866431], [-76.143408, 36.66]]]",Polygon,36.66,-76.448383,36.866431,-76.143408,"Chesapeake, VA",Chesapeake,VA,Chesapeake,city,1430429088643,True,2181896860,restinparadiseDLR❤️
593888758765858816,None,None,None,Thu Apr 30 21:24:48 +0000 2015,1430447088.0,None,None,Point,"[[[-77.335163, 38.83278], [-77.335163, 38.872421], [-77.268663, 38.872421], [-77.268663, 38.83278]]]",Polygon,38.83278,-77.335163,38.872421,-77.268663,"Fairfax, VA",Fairfax,VA,Fairfax,city,1430429088666,True,152124903,
593888758375817216,None,None,None,Thu Apr 30 21:24:48 +0000 2015,1430447088.0,None,None,Point,"[[[-79.487651, 37.886607], [-79.487651, 39.723622], [-74.986286, 39.723622], [-74.986286, 37.886607]]]",Polygon,37.886607,-79.487651,39.723622,-74.986286,"Maryland, USA",None,Maryland,Maryland,admin,1430429088573,True,41814795,In Some NFL City✈✈✈
593888761085337600,None,None,None,Thu Apr 30 21:24:49 +0000 2015,1430447089.0,None,None,Point,"[[[-76.711517, 39.197211], [-76.711517, 39.372215], [-76.529388, 39.372215], [-76.529388, 39.197211]]]",Polygon,39.197211,-76.711517,39.372215,-76.529388,"Baltimore, MD",Baltimore,MD,Baltimore,city,1430429089219,True,588420758,something abt 4ever .. twt❤️
593888762800779264,None,None,None,Thu Apr 30 21:24:49 +0000 2015,1430447089.0,None,None,Point,"[[[-76.734394, 39.019327], [-76.734394, 39.103254], [-76.643899, 39.103254], [-76.643899, 39.019327]]]",Polygon,39.019327,-76.734394,39.103254,-76.643899,"Odenton, MD",Odenton,MD,Odenton,city,1430429089628,True,244535990,"Washington, DC"
593888762612023297,40.028922,-75.570359,Point,Thu Apr 30 21:24:49 +0000 2015,1430447089.0,40.028922,-75.570359,Point,"[[[-80.519851, 39.719801], [-80.519851, 42.516072], [-74.689517, 42.516072], [-74.689517, 39.719801]]]",Polygon,39.719801,-80.519851,42.516072,-74.689517,"Pennsylvania, USA",None,Pennsylvania,Pennsylvania,admin,1430429089583,True,181709652,"Philadelphia, PA "
593888764470140929,None,None,None,Thu Apr 30 21:24:50 +0000 2015,1430447090.0,None,None,Point,"[[[-79.487651, 37.886607], [-79.487651, 39.723622], [-74.986286, 39.723622], [-74.986286, 37.886607]]]",Polygon,37.886607,-79.487651,39.723622,-74.986286,"Maryland, USA",None,Maryland,Maryland,admin,1430429090026,True,334128828,
593888765892009984,None,None,None,Thu Apr 30 21:24:50 +0000 2015,1430447090.0,None,None,Point,"[[[-77.5278063, 37.579878], [-77.5278063, 37.694137], [-77.407641, 37.694137], [-77.407641, 37.579878]]]",Polygon,37.579878,-77.5278063,37.694137,-77.407641,"Glen Allen, VA",Glen Allen,VA,Glen Allen,city,1430429090365,True,391369317,Virginia
593888767242539008,None,None,None,Thu Apr 30 21:24:50 +0000 2015,1430447090.0,None,None,Point,"[[[-77.119401, 38.801826], [-77.119401, 38.9953797], [-76.909396, 38.9953797], [-76.909396, 38.801826]]]",Polygon,38.801826,-77.119401,38.9953797,-76.909396,"Washington, DC",Washington,DC,Washington,city,1430429090687,True,419918470,
593888767506837504,None,None,None,Thu Apr 30 21:24:50 +0000 2015,1430447090.0,None,None,Point,"[[[-80.519851, 39.719801], [-80.519851, 42.516072], [-74.689517, 42.516072], [-74.689517, 39.719801]]]",Polygon,39.719801,-80.519851,42.516072,-74.689517,"Pennsylvania, USA",None,Pennsylvania,Pennsylvania,admin,1430429090750,True,1318751456,
593888767699722240,None,None,None,Thu Apr 30 21:24:50 +0000 2015,1430447090.0,None,None,Point,"[[[-77.362725, 38.660632], [-77.362725, 38.709815], [-77.259114, 38.709815], [-77.259114, 38.660632]]]",Polygon,38.660632,-77.362725,38.709815,-77.259114,"Lake Ridge, VA",Lake Ridge,VA,Lake Ridge,city,1430429090796,True,929931024,
593888767775264770,None,None,None,Thu Apr 30 21:24:50 +0000 2015,1430447090.0,None,None,Point,"[[[-76.534012, 39.078029], [-76.534012, 39.167034], [-76.433328, 39.167034], [-76.433328, 39.078029]]]",Polygon,39.078029,-76.534012,39.167034,-76.433328,"Lake Shore, MD",Lake Shore,MD,Lake Shore,city,1430429090814,True,319451371,
593888768760897536,40.015838,-75.685971,Point,Thu Apr 30 21:24:51 +0000 2015,1430447091.0,40.015838,-75.685971,Point,"[[[-80.519851, 39.719801], [-80.519851, 42.516072], [-74.689517, 42.516072], [-74.689517, 39.719801]]]",Polygon,39.719801,-80.519851,42.516072,-74.689517,"Pennsylvania, USA",None,Pennsylvania,Pennsylvania,admin,1430429091049,True,234502006,"Glenmoore, PA"
593888772741156864,None,None,None,Thu Apr 30 21:24:51 +0000 2015,1430447091.0,None,None,Point,"[[[-77.601044, 37.447046], [-77.601044, 37.61272], [-77.385297, 37.61272], [-77.385297, 37.447046]]]",Polygon,37.447046,-77.601044,37.61272,-77.385297,"Richmond, VA",Richmond,VA,Richmond,city,1430429091998,True,393759601,
593888775606038528,None,None,None,Thu Apr 30 21:24:52 +0000 2015,1430447092.0,None,None,Point,"[[[-83.67529, 36.540739], [-83.67529, 39.466012], [-75.16644, 39.466012], [-75.16644, 36.540739]]]",Polygon,36.540739,-83.67529,39.466012,-75.16644,"Virginia, USA",None,Virginia,Virginia,admin,1430429092681,True,478974756,
593888779951329280,None,None,None,Thu Apr 30 21:24:53 +0000 2015,1430447093.0,None,None,Point,"[[[-77.6024144, 39.0676054], [-77.6024144, 39.136067], [-77.503682, 39.136067], [-77.503682, 39.0676054]]]",Polygon,39.0676054,-77.6024144,39.136067,-77.503682,"Leesburg, VA",Leesburg,VA,Leesburg,city,1430429093717,True,2845499560,NoVa // RU'19
593888782241398784,None,None,None,Thu Apr 30 21:24:54 +0000 2015,1430447094.0,None,None,Point,"[[[-77.022864, 38.96569], [-77.022864, 38.998208], [-76.983781, 38.998208], [-76.983781, 38.96569]]]",Polygon,38.96569,-77.022864,38.998208,-76.983781,"Takoma Park, MD",Takoma Park,MD,Takoma Park,city,1430429094263,True,681473,"Takoma Park, MD"
593888783571034113,None,None,None,Thu Apr 30 21:24:54 +0000 2015,1430447094.0,None,None,Point,"[[[-79.282641, 37.30513], [-79.282641, 37.357116], [-79.215409, 37.357116], [-79.215409, 37.30513]]]",Polygon,37.30513,-79.282641,37.357116,-79.215409,"Timberlake, VA",Timberlake,VA,Timberlake,city,1430429094580,True,406709304,probably laying in bed
593888784573411329,38.906867,-77.042322,Point,Thu Apr 30 21:24:54 +0000 2015,1430447094.0,38.906867,-77.042322,Point,"[[[-77.119401, 38.801826], [-77.119401, 38.9953797], [-76.909396, 38.9953797], [-76.909396, 38.801826]]]",Polygon,38.801826,-77.119401,38.9953797,-76.909396,"Washington, DC",Washington,DC,Washington,city,1430429094819,True,141836772,Washington DC
593888785777217536,None,None,None,Thu Apr 30 21:24:55 +0000 2015,1430447095.0,None,None,Point,"[[[-76.843666, 39.38247], [-76.843666, 39.461505], [-76.750777, 39.461505], [-76.750777, 39.38247]]]",Polygon,39.38247,-76.843666,39.461505,-76.750777,"Owings Mills, MD",Owings Mills,MD,Owings Mills,city,1430429095106,True,2963053828,"Baltimore, Maryland"
593888791389204480,None,None,None,Thu Apr 30 21:24:56 +0000 2015,1430447096.0,None,None,Point,"[[[-79.487651, 37.886607], [-79.487651, 39.723622], [-74.986286, 39.723622], [-74.986286, 37.886607]]]",Polygon,37.886607,-79.487651,39.723622,-74.986286,"Maryland, USA",None,Maryland,Maryland,admin,1430429096444,True,2734161916,
593888791926046720,None,None,None,Thu Apr 30 21:24:56 +0000 2015,1430447096.0,None,None,Point,"[[[-77.094984, 38.88441], [-77.094984, 38.891743], [-77.083176, 38.891743], [-77.083176, 38.88441]]]",Polygon,38.88441,-77.094984,38.891743,-77.083176,"Clarendon Courthouse, Arlington",Clarendon Courthouse,Arlington,Clarendon Courthouse,neighborhood,1430429096572,True,7914212,"Washington, DC"
593888793654071296,None,None,None,Thu Apr 30 21:24:56 +0000 2015,1430447096.0,None,None,Point,"[[[-76.956178, 39.079059], [-76.956178, 39.122453], [-76.902952, 39.122453], [-76.902952, 39.079059]]]",Polygon,39.079059,-76.956178,39.122453,-76.902952,"Burtonsville, MD",Burtonsville,MD,Burtonsville,city,1430429096984,True,69454627,"D [M] V,,Capital Heightss"
593888793934962688,None,None,None,Thu Apr 30 21:24:57 +0000 2015,1430447097.0,None,None,Point,"[[[-84.32187, 33.752879], [-84.32187, 36.588118], [-75.40012, 36.588118], [-75.40012, 33.752879]]]",Polygon,33.752879,-84.32187,36.588118,-75.40012,"North Carolina, USA",None,North Carolina,North Carolina,admin,1430429097051,True,3027593946,
593888794593624064,None,None,None,Thu Apr 30 21:24:57 +0000 2015,1430447097.0,None,None,Point,"[[[-75.091333, 38.32431], [-75.091333, 38.451299], [-75.04914, 38.451299], [-75.04914, 38.32431]]]",Polygon,38.32431,-75.091333,38.451299,-75.04914,"Ocean City, MD",Ocean City,MD,Ocean City,city,1430429097208,True,14667293,Maryland
593888798175526912,None,None,None,Thu Apr 30 21:24:58 +0000 2015,1430447098.0,None,None,Point,"[[[-76.381944, 39.4511423], [-76.381944, 39.555058], [-76.2668197, 39.555058], [-76.2668197, 39.4511423]]]",Polygon,39.4511423,-76.381944,39.555058,-76.2668197,"Abingdon, MD",Abingdon,MD,Abingdon,city,1430429098062,True,3080655646,
593888802172571648,None,None,None,Thu Apr 30 21:24:59 +0000 2015,1430447099.0,None,None,Point,"[[[-76.448383, 36.66], [-76.448383, 36.866431], [-76.143408, 36.866431], [-76.143408, 36.66]]]",Polygon,36.66,-76.448383,36.866431,-76.143408,"Chesapeake, VA",Chesapeake,VA,Chesapeake,city,1430429099015,True,45920548,
593888803317784577,None,None,None,Thu Apr 30 21:24:59 +0000 2015,1430447099.0,None,None,Point,"[[[-77.252801, 39.102707], [-77.252801, 39.169487], [-77.1630643, 39.169487], [-77.1630643, 39.102707]]]",Polygon,39.102707,-77.252801,39.169487,-77.1630643,"Gaithersburg, MD",Gaithersburg,MD,Gaithersburg,city,1430429099288,True,435497776,Maryland
593888804227932160,None,None,None,Thu Apr 30 21:24:59 +0000 2015,1430447099.0,None,None,Point,"[[[-80.519851, 39.719801], [-80.519851, 42.516072], [-74.689517, 42.516072], [-74.689517, 39.719801]]]",Polygon,39.719801,-80.519851,42.516072,-74.689517,"Pennsylvania, USA",None,Pennsylvania,Pennsylvania,admin,1430429099505,True,169786033,"shippenville, pa."
593888807029710848,None,None,None,Thu Apr 30 21:25:00 +0000 2015,1430447100.0,None,None,Point,"[[[-77.172219, 38.827378], [-77.172219, 38.934311], [-77.031779, 38.934311], [-77.031779, 38.827378]]]",Polygon,38.827378,-77.172219,38.934311,-77.031779,"Arlington, VA",Arlington,VA,Arlington,city,1430429100173,True,2891275072,
593888810469031936,40.128235,-75.120296,Point,Thu Apr 30 21:25:00 +0000 2015,1430447100.0,40.128235,-75.120296,Point,"[[[-80.519851, 39.719801], [-80.519851, 42.516072], [-74.689517, 42.516072], [-74.689517, 39.719801]]]",Polygon,39.719801,-80.519851,42.516072,-74.689517,"Pennsylvania, USA",None,Pennsylvania,Pennsylvania,admin,1430429100993,True,61276502,pee-wee's playhouse 
593888810846572544,None,None,None,Thu Apr 30 21:25:01 +0000 2015,1430447101.0,None,None,Point,"[[[-76.616227, 38.492596], [-76.616227, 38.575257], [-76.541195, 38.575257], [-76.541195, 38.492596]]]",Polygon,38.492596,-76.616227,38.575257,-76.541195,"Prince Frederick, MD",Prince Frederick,MD,Prince Frederick,city,1430429101083,True,1659083510,no success without struggle
593888813421875200,38.985,-76.9365,Point,Thu Apr 30 21:25:01 +0000 2015,1430447101.0,38.985,-76.9365,Point,"[[[-76.965622, 38.971053], [-76.965622, 39.022888], [-76.903378, 39.022888], [-76.903378, 38.971053]]]",Polygon,38.971053,-76.965622,39.022888,-76.903378,"College Park, MD",College Park,MD,College Park,city,1430429101697,True,22080797,"bed bath & beyoncé, earth"
593888814319464448,39.828699,-75.441589,Point,Thu Apr 30 21:25:01 +0000 2015,1430447101.0,39.828699,-75.441589,Point,"[[[-75.460232, 39.822889], [-75.460232, 39.849375], [-75.428586, 39.849375], [-75.428586, 39.822889]]]",Polygon,39.822889,-75.460232,39.849375,-75.428586,"Boothwyn, PA",Boothwyn,PA,Boothwyn,city,1430429101911,True,544689456,
593888814692720640,None,None,None,Thu Apr 30 21:25:02 +0000 2015,1430447102.0,None,None,Point,"[[[-83.67529, 36.540739], [-83.67529, 39.466012], [-75.16644, 39.466012], [-75.16644, 36.540739]]]",Polygon,36.540739,-83.67529,39.466012,-75.16644,"Virginia, USA",None,Virginia,Virginia,admin,1430429102000,True,940166042,
593888816013910018,39.240349,-76.605402,Point,Thu Apr 30 21:25:02 +0000 2015,1430447102.0,39.240349,-76.605402,Point,"[[[-76.711517, 39.197211], [-76.711517, 39.372215], [-76.529388, 39.372215], [-76.529388, 39.197211]]]",Polygon,39.197211,-76.711517,39.372215,-76.529388,"Baltimore, MD",Baltimore,MD,Baltimore,city,1430429102315,True,98847271,
593888816529874945,39.938781,-79.642547,Point,Thu Apr 30 21:25:02 +0000 2015,1430447102.0,39.938781,-79.642547,Point,"[[[-80.519851, 39.719801], [-80.519851, 42.516072], [-74.689517, 42.516072], [-74.689517, 39.719801]]]",Polygon,39.719801,-80.519851,42.516072,-74.689517,"Pennsylvania, USA",None,Pennsylvania,Pennsylvania,admin,1430429102438,True,220249746,PA
593888816617816066,None,None,None,Thu Apr 30 21:25:02 +0000 2015,1430447102.0,None,None,Point,"[[[-80.519851, 39.719801], [-80.519851, 42.516072], [-74.689517, 42.516072], [-74.689517, 39.719801]]]",Polygon,39.719801,-80.519851,42.516072,-74.689517,"Pennsylvania, USA",None,Pennsylvania,Pennsylvania,admin,1430429102459,True,582140844,USA
593888817268006913,None,None,None,Thu Apr 30 21:25:02 +0000 2015,1430447102.0,None,None,Point,"[[[-83.67529, 36.540739], [-83.67529, 39.466012], [-75.16644, 39.466012], [-75.16644, 36.540739]]]",Polygon,36.540739,-83.67529,39.466012,-75.16644,"Virginia, USA",None,Virginia,Virginia,admin,1430429102614,True,161150036,
593888820401197056,None,None,None,Thu Apr 30 21:25:03 +0000 2015,1430447103.0,None,None,Point,"[[[-76.711517, 39.197211], [-76.711517, 39.372215], [-76.529388, 39.372215], [-76.529388, 39.197211]]]",Polygon,39.197211,-76.711517,39.372215,-76.529388,"Baltimore, MD",Baltimore,MD,Baltimore,city,1430429103361,True,491824573,Baltimore MD
593888821399461889,None,None,None,Thu Apr 30 21:25:03 +0000 2015,1430447103.0,None,None,Point,"[[[-76.644717, 39.131259], [-76.644717, 39.207912], [-76.563196, 39.207912], [-76.563196, 39.131259]]]",Polygon,39.131259,-76.644717,39.207912,-76.563196,"Glen Burnie, MD",Glen Burnie,MD,Glen Burnie,city,1430429103599,True,969874706,
593888822217285632,None,None,None,Thu Apr 30 21:25:03 +0000 2015,1430447103.0,None,None,Point,"[[[-77.5193868, 38.270129], [-77.5193868, 38.3260007], [-77.447189, 38.3260007], [-77.447189, 38.270129]]]",Polygon,38.270129,-77.5193868,38.3260007,-77.447189,"Fredericksburg, VA",Fredericksburg,VA,Fredericksburg,city,1430429103794,True,550366020,"Fredericksburg, VA"
593888825342046208,None,None,None,Thu Apr 30 21:25:04 +0000 2015,1430447104.0,None,None,Point,"[[[-77.265228, 38.898565], [-77.265228, 38.934957], [-77.196534, 38.934957], [-77.196534, 38.898565]]]",Polygon,38.898565,-77.265228,38.934957,-77.196534,"Tysons Corner, VA",Tysons Corner,VA,Tysons Corner,city,1430429104539,True,280747666,djo-yhs'15
593888825946046464,None,None,None,Thu Apr 30 21:25:04 +0000 2015,1430447104.0,None,None,Point,"[[[-76.616227, 38.492596], [-76.616227, 38.575257], [-76.541195, 38.575257], [-76.541195, 38.492596]]]",Polygon,38.492596,-76.616227,38.575257,-76.541195,"Prince Frederick, MD",Prince Frederick,MD,Prince Frederick,city,1430429104683,True,56539852,MUSiC WORLD(DMV))
593888833760034816,None,None,None,Thu Apr 30 21:25:06 +0000 2015,1430447106.0,None,None,Point,"[[[-82.644739, 37.201483], [-82.644739, 40.638802], [-77.718935, 40.638802], [-77.718935, 37.201483]]]",Polygon,37.201483,-82.644739,40.638802,-77.718935,"West Virginia, USA",None,West Virginia,West Virginia,admin,1430429106546,True,352765639,Baileysville
593888835878129665,None,None,None,Thu Apr 30 21:25:07 +0000 2015,1430447107.0,None,None,Point,"[[[-80.519851, 39.719801], [-80.519851, 42.516072], [-74.689517, 42.516072], [-74.689517, 39.719801]]]",Polygon,39.719801,-80.519851,42.516072,-74.689517,"Pennsylvania, USA",None,Pennsylvania,Pennsylvania,admin,1430429107051,True,1007393280,from dat 717/410 
593888838180732929,38.303184,-77.46054,Point,Thu Apr 30 21:25:07 +0000 2015,1430447107.0,38.303184,-77.46054,Point,"[[[-77.5193868, 38.270129], [-77.5193868, 38.3260007], [-77.447189, 38.3260007], [-77.447189, 38.270129]]]",Polygon,38.270129,-77.5193868,38.3260007,-77.447189,"Fredericksburg, VA",Fredericksburg,VA,Fredericksburg,city,1430429107600,True,3026628010,"Chevy Chase, MD"
593888840823209984,None,None,None,Thu Apr 30 21:25:08 +0000 2015,1430447108.0,None,None,Point,"[[[-75.71412, 38.28923], [-75.71412, 38.431613], [-75.487032, 38.431613], [-75.487032, 38.28923]]]",Polygon,38.28923,-75.71412,38.431613,-75.487032,"Salisbury, MD",Salisbury,MD,Salisbury,city,1430429108230,True,349374125,wahoowah
593888842110763008,40.490055,-78.030636,Point,Thu Apr 30 21:25:08 +0000 2015,1430447108.0,40.490055,-78.030636,Point,"[[[-80.519851, 39.719801], [-80.519851, 42.516072], [-74.689517, 42.516072], [-74.689517, 39.719801]]]",Polygon,39.719801,-80.519851,42.516072,-74.689517,"Pennsylvania, USA",None,Pennsylvania,Pennsylvania,admin,1430429108537,True,2212895719,missing my bestfriend 
593888844761735168,None,None,None,Thu Apr 30 21:25:09 +0000 2015,1430447109.0,None,None,Point,"[[[-76.795559, 39.320502], [-76.795559, 39.369482], [-76.744784, 39.369482], [-76.744784, 39.320502]]]",Polygon,39.320502,-76.795559,39.369482,-76.744784,"Milford Mill, MD",Milford Mill,MD,Milford Mill,city,1430429109169,True,43227250,☁️Båłtįmørę⚡️Wōødlawn☁️
593888848096145411,37.060313,-76.451588,Point,Thu Apr 30 21:25:09 +0000 2015,1430447109.0,37.060313,-76.451588,Point,"[[[-76.62797, 36.960216], [-76.62797, 37.220386], [-76.387647, 37.220386], [-76.387647, 36.960216]]]",Polygon,36.960216,-76.62797,37.220386,-76.387647,"Newport News, VA",Newport News,VA,Newport News,city,1430429109964,True,514660826,
593888848205217792,None,None,None,Thu Apr 30 21:25:09 +0000 2015,1430447109.0,None,None,Point,"[[[-80.519851, 39.719801], [-80.519851, 42.516072], [-74.689517, 42.516072], [-74.689517, 39.719801]]]",Polygon,39.719801,-80.519851,42.516072,-74.689517,"Pennsylvania, USA",None,Pennsylvania,Pennsylvania,admin,1430429109990,True,112553856,"venice, italy"
593888849169936384,None,None,None,Thu Apr 30 21:25:10 +0000 2015,1430447110.0,None,None,Point,"[[[-77.119401, 38.801826], [-77.119401, 38.9953797], [-76.909396, 38.9953797], [-76.909396, 38.801826]]]",Polygon,38.801826,-77.119401,38.9953797,-76.909396,"Washington, DC",Washington,DC,Washington,city,1430429110220,True,153558139,"Washington, D.C."
593888849887133697,None,None,None,Thu Apr 30 21:25:10 +0000 2015,1430447110.0,None,None,Point,"[[[-83.67529, 36.540739], [-83.67529, 39.466012], [-75.16644, 39.466012], [-75.16644, 36.540739]]]",Polygon,36.540739,-83.67529,39.466012,-75.16644,"Virginia, USA",None,Virginia,Virginia,admin,1430429110391,True,2163238647,"Virginia, USA"
593888851401121792,None,None,None,Thu Apr 30 21:25:10 +0000 2015,1430447110.0,None,None,Point,"[[[-75.788758, 38.451038], [-75.788758, 39.839007], [-74.984165, 39.839007], [-74.984165, 38.451038]]]",Polygon,38.451038,-75.788758,39.839007,-74.984165,"Delaware, USA",None,Delaware,Delaware,admin,1430429110752,True,2458496256,
593888852739289089,None,None,None,Thu Apr 30 21:25:11 +0000 2015,1430447111.0,None,None,Point,"[[[-80.519851, 39.719801], [-80.519851, 42.516072], [-74.689517, 42.516072], [-74.689517, 39.719801]]]",Polygon,39.719801,-80.519851,42.516072,-74.689517,"Pennsylvania, USA",None,Pennsylvania,Pennsylvania,admin,1430429111071,True,2889536700,Philly/Cheyney
593888853607501825,None,None,None,Thu Apr 30 21:25:11 +0000 2015,1430447111.0,None,None,Point,"[[[-75.715802, 38.152156], [-75.715802, 38.236042], [-75.6688949, 38.236042], [-75.6688949, 38.152156]]]",Polygon,38.152156,-75.715802,38.236042,-75.6688949,"Princess Anne, MD",Princess Anne,MD,Princess Anne,city,1430429111278,True,373738859,
593888854400049152,None,None,None,Thu Apr 30 21:25:11 +0000 2015,1430447111.0,None,None,Point,"[[[-84.32187, 33.752879], [-84.32187, 36.588118], [-75.40012, 36.588118], [-75.40012, 33.752879]]]",Polygon,33.752879,-84.32187,36.588118,-75.40012,"North Carolina, USA",None,North Carolina,North Carolina,admin,1430429111467,True,583293704,north carolina 
593888854257565696,None,None,None,Thu Apr 30 21:25:11 +0000 2015,1430447111.0,None,None,Point,"[[[-84.32187, 33.752879], [-84.32187, 36.588118], [-75.40012, 36.588118], [-75.40012, 33.752879]]]",Polygon,33.752879,-84.32187,36.588118,-75.40012,"North Carolina, USA",None,North Carolina,North Carolina,admin,1430429111433,True,1177277586,North Carolina
593888855360700416,None,None,None,Thu Apr 30 21:25:11 +0000 2015,1430447111.0,None,None,Point,"[[[-83.67529, 36.540739], [-83.67529, 39.466012], [-75.16644, 39.466012], [-75.16644, 36.540739]]]",Polygon,36.540739,-83.67529,39.466012,-75.16644,"Virginia, USA",None,Virginia,Virginia,admin,1430429111696,True,2995751217,The Hub...
593888855255871488,None,None,None,Thu Apr 30 21:25:11 +0000 2015,1430447111.0,None,None,Point,"[[[-77.119401, 38.801826], [-77.119401, 38.9953797], [-76.909396, 38.9953797], [-76.909396, 38.801826]]]",Polygon,38.801826,-77.119401,38.9953797,-76.909396,"Washington, DC",Washington,DC,Washington,city,1430429111671,True,2542764390,"Washington, DC"
593888860565872640,None,None,None,Thu Apr 30 21:25:12 +0000 2015,1430447112.0,None,None,Point,"[[[-76.711517, 39.197211], [-76.711517, 39.372215], [-76.529388, 39.372215], [-76.529388, 39.197211]]]",Polygon,39.197211,-76.711517,39.372215,-76.529388,"Baltimore, MD",Baltimore,MD,Baltimore,city,1430429112937,True,491824573,Baltimore MD
593888862411366401,None,None,None,Thu Apr 30 21:25:13 +0000 2015,1430447113.0,None,None,Point,"[[[-84.32187, 33.752879], [-84.32187, 36.588118], [-75.40012, 36.588118], [-75.40012, 33.752879]]]",Polygon,33.752879,-84.32187,36.588118,-75.40012,"North Carolina, USA",None,North Carolina,North Carolina,admin,1430429113377,True,2996502400,
593888864403591168,None,None,None,Thu Apr 30 21:25:13 +0000 2015,1430447113.0,None,None,Point,"[[[-83.67529, 36.540739], [-83.67529, 39.466012], [-75.16644, 39.466012], [-75.16644, 36.540739]]]",Polygon,36.540739,-83.67529,39.466012,-75.16644,"Virginia, USA",None,Virginia,Virginia,admin,1430429113852,True,540272318,"Bluemont, Virginia"
593888866731487234,40.738863,-74.026698,Point,Thu Apr 30 21:25:14 +0000 2015,1430447114.0,40.738863,-74.026698,Point,"[[[-75.563587, 38.788657], [-75.563587, 41.357424], [-73.88506, 41.357424], [-73.88506, 38.788657]]]",Polygon,38.788657,-75.563587,41.357424,-73.88506,"New Jersey, USA",None,New Jersey,New Jersey,admin,1430429114407,True,176278576,"New York, New York"
593888869432561665,None,None,None,Thu Apr 30 21:25:15 +0000 2015,1430447115.0,None,None,Point,"[[[-79.487651, 37.886607], [-79.487651, 39.723622], [-74.986286, 39.723622], [-74.986286, 37.886607]]]",Polygon,37.886607,-79.487651,39.723622,-74.986286,"Maryland, USA",None,Maryland,Maryland,admin,1430429115051,True,290891660,
593888870598455296,None,None,None,Thu Apr 30 21:25:15 +0000 2015,1430447115.0,None,None,Point,"[[[-75.563587, 38.788657], [-75.563587, 41.357424], [-73.88506, 41.357424], [-73.88506, 38.788657]]]",Polygon,38.788657,-75.563587,41.357424,-73.88506,"New Jersey, USA",None,New Jersey,New Jersey,admin,1430429115329,True,292012787,
593888873316556801,None,None,None,Thu Apr 30 21:25:15 +0000 2015,1430447115.0,None,None,Point,"[[[-76.711517, 39.197211], [-76.711517, 39.372215], [-76.529388, 39.372215], [-76.529388, 39.197211]]]",Polygon,39.197211,-76.711517,39.372215,-76.529388,"Baltimore, MD",Baltimore,MD,Baltimore,city,1430429115977,True,2916106674,
593888872930611200,37.530331,-77.415374,Point,Thu Apr 30 21:25:15 +0000 2015,1430447115.0,37.530331,-77.415374,Point,"[[[-77.601044, 37.447046], [-77.601044, 37.61272], [-77.385297, 37.61272], [-77.385297, 37.447046]]]",Polygon,37.447046,-77.601044,37.61272,-77.385297,"Richmond, VA",Richmond,VA,Richmond,city,1430429115885,True,2347742082,"Richmond, VA"
593888875057152000,38.891264,-77.432275,Point,Thu Apr 30 21:25:16 +0000 2015,1430447116.0,38.891264,-77.432275,Point,"[[[-77.485561, 38.840172], [-77.485561, 38.917243], [-77.364749, 38.917243], [-77.364749, 38.840172]]]",Polygon,38.840172,-77.485561,38.917243,-77.364749,"Chantilly, VA",Chantilly,VA,Chantilly,city,1430429116392,True,151259045,
593888881021480960,None,None,None,Thu Apr 30 21:25:17 +0000 2015,1430447117.0,None,None,Point,"[[[-76.711517, 39.197211], [-76.711517, 39.372215], [-76.529388, 39.372215], [-76.529388, 39.197211]]]",Polygon,39.197211,-76.711517,39.372215,-76.529388,"Baltimore, MD",Baltimore,MD,Baltimore,city,1430429117814,True,1271662819,"BODYMORE,MURDERLAND"
593888887136727040,None,None,None,Thu Apr 30 21:25:19 +0000 2015,1430447119.0,None,None,Point,"[[[-77.144435, 38.789907], [-77.144435, 38.8448531], [-77.037304, 38.8448531], [-77.037304, 38.789907]]]",Polygon,38.789907,-77.144435,38.8448531,-77.037304,"Alexandria, VA",Alexandria,VA,Alexandria,city,1430429119272,True,49320599, lake barcroft virginia
593888888667709440,None,None,None,Thu Apr 30 21:25:19 +0000 2015,1430447119.0,None,None,Point,"[[[-75.563587, 38.788657], [-75.563587, 41.357424], [-73.88506, 41.357424], [-73.88506, 38.788657]]]",Polygon,38.788657,-75.563587,41.357424,-73.88506,"New Jersey, USA",None,New Jersey,New Jersey,admin,1430429119637,True,211246918,New Jersey
593888888998875136,None,None,None,Thu Apr 30 21:25:19 +0000 2015,1430447119.0,None,None,Point,"[[[-80.519851, 39.719801], [-80.519851, 42.516072], [-74.689517, 42.516072], [-74.689517, 39.719801]]]",Polygon,39.719801,-80.519851,42.516072,-74.689517,"Pennsylvania, USA",None,Pennsylvania,Pennsylvania,admin,1430429119716,True,461697732,Altoona PA
593888889170952192,None,None,None,Thu Apr 30 21:25:19 +0000 2015,1430447119.0,None,None,Point,"[[[-76.334287, 36.820791], [-76.334287, 36.969373], [-76.177085, 36.969373], [-76.177085, 36.820791]]]",Polygon,36.820791,-76.334287,36.969373,-76.177085,"Norfolk, VA",Norfolk,VA,Norfolk,city,1430429119757,True,2345508323,#ODU17
593888891242819584,None,None,None,Thu Apr 30 21:25:20 +0000 2015,1430447120.0,None,None,Point,"[[[-75.563587, 38.788657], [-75.563587, 41.357424], [-73.88506, 41.357424], [-73.88506, 38.788657]]]",Polygon,38.788657,-75.563587,41.357424,-73.88506,"Nova Jérsia, USA",None,Nova Jérsia,Nova Jérsia,admin,1430429120251,True,2408062783,Rio Negrinho_SC
593888892081799168,39.136871,-76.571707,Point,Thu Apr 30 21:25:20 +0000 2015,1430447120.0,39.136871,-76.571707,Point,"[[[-76.644717, 39.131259], [-76.644717, 39.207912], [-76.563196, 39.207912], [-76.563196, 39.131259]]]",Polygon,39.131259,-76.644717,39.207912,-76.563196,"Glen Burnie, MD",Glen Burnie,MD,Glen Burnie,city,1430429120451,True,2172935012,"Pasadena, Md 21122"
593888893071527936,None,None,None,Thu Apr 30 21:25:20 +0000 2015,1430447120.0,None,None,Point,"[[[-75.563587, 38.788657], [-75.563587, 41.357424], [-73.88506, 41.357424], [-73.88506, 38.788657]]]",Polygon,38.788657,-75.563587,41.357424,-73.88506,"New Jersey, USA",None,New Jersey,New Jersey,admin,1430429120687,True,1697516736,freehold
593888894183170048,None,None,None,Thu Apr 30 21:25:20 +0000 2015,1430447120.0,None,None,Point,"[[[-76.563223, 39.159454], [-76.563223, 39.176232], [-76.51671, 39.176232], [-76.51671, 39.159454]]]",Polygon,39.159454,-76.563223,39.176232,-76.51671,"Orchard Beach, MD",Orchard Beach,MD,Orchard Beach,city,1430429120952,True,346956590,#staypositive 
593888894556446721,None,None,None,Thu Apr 30 21:25:21 +0000 2015,1430447121.0,None,None,Point,"[[[-77.119401, 38.801826], [-77.119401, 38.9953797], [-76.909396, 38.9953797], [-76.909396, 38.801826]]]",Polygon,38.801826,-77.119401,38.9953797,-76.909396,"Washington, DC",Washington,DC,Washington,city,1430429121041,True,86590262, Bermuda ✈D[M]V 
593888895114293248,None,None,None,Thu Apr 30 21:25:21 +0000 2015,1430447121.0,None,None,Point,"[[[-77.155886, 39.0126343], [-77.155886, 39.0743035], [-77.084619, 39.0743035], [-77.084619, 39.0126343]]]",Polygon,39.0126343,-77.155886,39.0743035,-77.084619,"North Bethesda, MD",North Bethesda,MD,North Bethesda,city,1430429121174,True,1697905674,
593888897525907456,None,None,None,Thu Apr 30 21:25:21 +0000 2015,1430447121.0,None,None,Point,"[[[-75.563587, 38.788657], [-75.563587, 41.357424], [-73.88506, 41.357424], [-73.88506, 38.788657]]]",Polygon,38.788657,-75.563587,41.357424,-73.88506,"New Jersey, USA",None,New Jersey,New Jersey,admin,1430429121749,True,1572658423,the stone
593888899400859650,None,None,None,Thu Apr 30 21:25:22 +0000 2015,1430447122.0,None,None,Point,"[[[-78.078257, 39.337152], [-78.078257, 39.372581], [-78.027219, 39.372581], [-78.027219, 39.337152]]]",Polygon,39.337152,-78.078257,39.372581,-78.027219,"Inwood, WV",Inwood,WV,Inwood,city,1430429122196,True,410314855,
593888900923424769,None,None,None,Thu Apr 30 21:25:22 +0000 2015,1430447122.0,None,None,Point,"[[[-76.500885, 39.3598869], [-76.500885, 39.4155451], [-76.389052, 39.4155451], [-76.389052, 39.3598869]]]",Polygon,39.3598869,-76.500885,39.4155451,-76.389052,"White Marsh, MD",White Marsh,MD,White Marsh,city,1430429122559,True,596037010,
593888901833588737,None,None,None,Thu Apr 30 21:25:22 +0000 2015,1430447122.0,None,None,Point,"[[[-80.519851, 39.719801], [-80.519851, 42.516072], [-74.689517, 42.516072], [-74.689517, 39.719801]]]",Polygon,39.719801,-80.519851,42.516072,-74.689517,"Pennsylvania, USA",None,Pennsylvania,Pennsylvania,admin,1430429122776,True,14307814,"Bethlehem, PA"
593888903003774977,None,None,None,Thu Apr 30 21:25:23 +0000 2015,1430447123.0,None,None,Point,"[[[-77.119401, 38.801826], [-77.119401, 38.9953797], [-76.909396, 38.9953797], [-76.909396, 38.801826]]]",Polygon,38.801826,-77.119401,38.9953797,-76.909396,"Washington, DC",Washington,DC,Washington,city,1430429123055,True,2915017109,"District of Columbia, USA"
593888907084865536,None,None,None,Thu Apr 30 21:25:24 +0000 2015,1430447124.0,None,None,Point,"[[[-80.519851, 39.719801], [-80.519851, 42.516072], [-74.689517, 42.516072], [-74.689517, 39.719801]]]",Polygon,39.719801,-80.519851,42.516072,-74.689517,"Pennsylvania, USA",None,Pennsylvania,Pennsylvania,admin,1430429124028,True,582140844,USA
593888908074721281,None,None,None,Thu Apr 30 21:25:24 +0000 2015,1430447124.0,None,None,Point,"[[[-79.487651, 37.886607], [-79.487651, 39.723622], [-74.986286, 39.723622], [-74.986286, 37.886607]]]",Polygon,37.886607,-79.487651,39.723622,-74.986286,"Maryland, USA",None,Maryland,Maryland,admin,1430429124264,True,2590498237,"Romance, Fiction, YA & more"
593888910058610688,None,None,None,Thu Apr 30 21:25:24 +0000 2015,1430447124.0,None,None,Point,"[[[-84.32187, 33.752879], [-84.32187, 36.588118], [-75.40012, 36.588118], [-75.40012, 33.752879]]]",Polygon,33.752879,-84.32187,36.588118,-75.40012,"North Carolina, USA",None,North Carolina,North Carolina,admin,1430429124737,True,1921592989,✌✋✌
593888910171836416,None,None,None,Thu Apr 30 21:25:24 +0000 2015,1430447124.0,None,None,Point,"[[[-83.67529, 36.540739], [-83.67529, 39.466012], [-75.16644, 39.466012], [-75.16644, 36.540739]]]",Polygon,36.540739,-83.67529,39.466012,-75.16644,"Virginia, USA",None,Virginia,Virginia,admin,1430429124764,True,24279857,The depths of the C
593888914122899457,None,None,None,Thu Apr 30 21:25:25 +0000 2015,1430447125.0,None,None,Point,"[[[-75.487049, 39.7902759], [-75.487049, 39.818885], [-75.4370635, 39.818885], [-75.4370635, 39.7902759]]]",Polygon,39.7902759,-75.487049,39.818885,-75.4370635,"Claymont, DE",Claymont,DE,Claymont,city,1430429125706,True,1230271051,"Wilmington, DE"
